Time;Symbol;Setup;Mode;Direction;Volume;EntryPrice;SL_Points;TP_Points;Result_BRL;Result_Pts;DailyRange;GapSize;ATR_Entry;SignalBody;EntryHour
2021.05.05 09:52;WIN$;74>_11;GAP;UP;1.0;175134.0;369.0;993.0;-15.8;-79.0;738.0;738.0;331.21428571428544;206.0;9
2021.05.05 11:14;WIN$;61>161;GAP;UP;1.0;175410.0;539.0;986.0;197.2;986.0;738.0;738.0;308.9999999999998;414.0;10
2021.05.06 11:58;WIN$;74>_11;PREVDAY;UP;1.0;176545.0;405.0;1926.0;-45.8;-229.0;340.0;0.0;399.2142857142853;303.0;11
2021.05.06 13:19;WIN$;61>161;PREVDAY;UP;1.0;176805.0;450.0;2261.0;-90.0;-450.0;340.0;0.0;450.428571428571;384.0;12
2021.05.06 15:48;WIN$;74>_11;PREVDAY;UP;1.0;176795.0;428.0;2176.0;19.8;99.0;340.0;0.0;359.71428571428527;370.0;15
2021.05.07 11:00;WIN$;61>161;PREVDAY;UP;1.0;176696.0;496.0;2370.0;477.4;2387.0;251.0;0.0;401.99999999999955;74.0;15
2021.05.07 12:41;WIN$;161>_200;PREVDAY;UP;1.0;178790.0;183.0;5862.0;-43.6;-218.0;251.0;0.0;360.78571428571394;118.0;12
2021.05.10 11:35;WIN$;100>161;PREVDAY;UP;1.0;181346.0;827.0;1950.0;-165.4;-827.0;487.0;0.0;328.35714285714255;775.0;9
2021.05.11 10:11;WIN$;100>161;GAP;DOWN;1.0;178709.0;382.0;696.0;141.6;708.0;871.0;871.0;364.4999999999995;324.0;9
2021.05.11 11:30;WIN$;161>_200;GAP;DOWN;1.0;178489.0;672.0;5240.0;141.4;707.0;871.0;871.0;408.14285714285666;494.0;10
2021.05.13 15:07;WIN$;61>161;PREVDAY;DOWN;1.0;178420.0;811.0;4717.0;19.8;99.0;333.0;0.0;439.2142857142854;694.0;14
2021.05.14 09:00;WIN$;61>161;PREVDAY;DOWN;1.0;178251.0;530.0;4548.0;-233.4;-1167.0;333.0;0.0;512.5714285714284;480.0;17
2021.05.14 10:44;WIN$;100>161;GAP;UP;1.0;180134.0;523.0;993.0;19.4;97.0;804.0;804.0;448.28571428571433;435.0;9
2021.05.14 12:06;WIN$;100>161;GAP;UP;1.0;180023.0;427.0;1104.0;-85.8;-429.0;804.0;804.0;591.6428571428573;369.0;12
2021.05.14 13:10;WIN$;74>_11;GAP;UP;1.0;179432.0;618.0;1510.0;19.0;95.0;804.0;804.0;536.6428571428575;436.0;12
2021.05.14 14:57;WIN$;61>161;GAP;UP;1.0;179589.0;532.0;1538.0;-109.6;-548.0;804.0;804.0;594.1428571428573;347.0;13
2021.05.14 15:02;WIN$;74>_11;GAP;UP;1.0;179041.0;544.0;1119.0;-79.6;-398.0;804.0;804.0;539.4285714285717;236.0;14
2021.05.14 16:41;WIN$;61>161;GAP;UP;1.0;179794.0;833.0;1333.0;20.0;100.0;804.0;804.0;504.6428571428574;738.0;15
2021.05.18 09:52;WIN$;74>_11;GAP;UP;1.0;182229.0;435.0;803.0;75.0;375.0;391.0;391.0;313.8571428571433;199.0;9
2021.05.18 15:21;WIN$;61>161;GAP;UP;1.0;182246.0;243.0;1025.0;20.0;100.0;391.0;391.0;428.2142857142861;118.0;14
2021.05.18 16:04;WIN$;74>_11;GAP;UP;1.0;182252.0;375.0;826.0;-30.8;-154.0;391.0;391.0;331.0714285714291;317.0;15
2021.05.18 16:53;WIN$;61>161;GAP;UP;1.0;182334.0;324.0;937.0;-65.4;-327.0;391.0;391.0;344.2857142857148;126.0;16
2021.05.19 10:22;WIN$;100>161;GAP;DOWN;1.0;179837.0;546.0;845.0;-111.2;-556.0;1041.0;1041.0;450.28571428571485;443.0;10
2021.05.19 12:21;WIN$;61>161;GAP;DOWN;1.0;180569.0;537.0;1577.0;-107.6;-538.0;1041.0;1041.0;565.2857142857148;302.0;11
2021.05.20 11:11;WIN$;74>_11;PREVDAY;UP;1.0;181418.0;434.0;2056.0;16.0;80.0;414.0;0.0;501.64285714285757;273.0;9
2021.05.20 12:15;WIN$;61>161;PREVDAY;UP;1.0;181464.0;458.0;2524.0;-93.4;-467.0;414.0;0.0;376.21428571428623;184.0;11
2021.05.25 10:46;WIN$;100>161;PREVDAY;UP;1.0;183774.0;656.0;1514.0;20.0;100.0;140.0;0.0;242.07142857142927;584.0;9
2021.05.25 12:36;WIN$;74>_11;PREVDAY;UP;1.0;182828.0;471.0;1962.0;-19.4;-97.0;140.0;0.0;426.5000000000006;406.0;12
2021.05.25 14:41;WIN$;61>161;PREVDAY;UP;1.0;182784.0;419.0;2504.0;-83.8;-419.0;140.0;0.0;420.1428571428578;333.0;12
2021.05.26 10:34;WIN$;61>161;GAP;UP;1.0;182606.0;301.0;654.0;130.8;654.0;280.0;280.0;285.6428571428577;221.0;9
2021.05.26 15:31;WIN$;161>_200;GAP;UP;1.0;183168.0;249.0;3085.0;-17.8;-89.0;280.0;280.0;283.5714285714291;177.0;14
2021.05.27 11:19;WIN$;61>161;PREVDAY;UP;1.0;183302.0;236.0;1454.0;20.0;100.0;229.0;0.0;242.57142857142927;147.0;9
2021.05.27 13:49;WIN$;74>_11;PREVDAY;UP;1.0;183301.0;404.0;1121.0;62.0;310.0;229.0;0.0;311.71428571428635;281.0;11
2021.05.28 11:46;WIN$;61>161;PREVDAY;UP;1.0;183280.0;229.0;1476.0;298.0;1490.0;273.0;0.0;296.50000000000057;140.0;14
2021.05.31 12:11;WIN$;100>161;PREVDAY;UP;1.0;185871.0;243.0;1387.0;-49.0;-245.0;281.0;0.0;217.21428571428632;177.0;10
2021.06.01 10:16;WIN$;61>161;GAP;UP;1.0;187488.0;989.0;1084.0;218.2;1091.0;155.0;155.0;299.0714285714292;569.0;9
2021.06.04 10:52;WIN$;100>161;PREVDAY;UP;1.0;190166.0;604.0;1674.0;335.2;1676.0;311.0;0.0;268.9285714285719;450.0;10
2021.06.04 11:15;WIN$;100>161;PREVDAY;UP;1.0;191881.0;517.0;1068.0;-103.4;-517.0;311.0;0.0;351.7142857142861;443.0;11
2021.06.07 10:08;WIN$;74>_11;PREVDAY;UP;1.0;191880.0;389.0;1461.0;-18.8;-94.0;266.0;0.0;230.5000000000004;325.0;9
2021.06.07 10:45;WIN$;61>161;PREVDAY;UP;1.0;191791.0;265.0;1640.0;-56.2;-281.0;266.0;0.0;255.2857142857147;147.0;10
2021.06.07 13:42;WIN$;100>161;PREVDAY;UP;1.0;192360.0;383.0;1071.0;216.8;1084.0;266.0;0.0;386.57142857142907;103.0;12
2021.06.08 09:00;WIN$;161>_200;PREVDAY;UP;1.0;193429.0;368.0;6275.0;87.2;436.0;266.0;0.0;255.7142857142863;310.0;16
2021.06.08 10:02;WIN$;61>161;PREVDAY;UP;1.0;193024.0;243.0;2571.0;-48.6;-243.0;236.0;0.0;274.14285714285774;177.0;9
2021.06.09 10:30;WIN$;61>161;PREVDAY;DOWN;1.0;191703.0;499.0;2199.0;16.4;82.0;251.0;0.0;367.07142857142907;295.0;9
2021.06.10 09:20;WIN$;61>161;PREVDAY;DOWN;1.0;191826.0;243.0;2322.0;-48.8;-244.0;259.0;0.0;370.14285714285774;155.0;17
2021.06.11 10:21;WIN$;61>161;PREVDAY;UP;1.0;192279.0;251.0;1700.0;-50.2;-251.0;133.0;0.0;289.50000000000057;89.0;10
2021.06.14 10:47;WIN$;61>161;GAP;UP;1.0;192115.0;677.0;829.0;168.4;842.0;155.0;155.0;268.92857142857207;524.0;9
2021.06.14 11:22;WIN$;161>_200;GAP;UP;1.0;192794.0;324.0;4014.0;-65.8;-329.0;155.0;155.0;349.64285714285785;200.0;11
2021.06.15 09:05;WIN$;61>161;GAP;UP;1.0;191895.0;221.0;1049.0;18.6;93.0;155.0;155.0;313.7142857142866;148.0;15
2021.06.16 13:47;WIN$;61>161;PREVDAY;DOWN;1.0;191295.0;650.0;1528.0;-130.4;-652.0;110.0;0.0;300.42857142857235;455.0;11
2021.06.16 16:52;WIN$;161>_200;PREVDAY;DOWN;1.0;190245.0;973.0;5665.0;134.4;672.0;110.0;0.0;650.9285714285722;835.0;16
2021.06.21 11:36;WIN$;61>161;GAP;UP;1.0;190113.0;776.0;2728.0;19.8;99.0;147.0;147.0;529.9285714285721;682.0;12
2021.06.22 12:26;WIN$;161>_200;PREVDAY;UP;1.0;190386.0;349.0;4713.0;230.2;1151.0;169.0;0.0;289.92857142857196;220.0;16
2021.06.23 15:54;WIN$;61>161;PREVDAY;DOWN;1.0;189138.0;475.0;2069.0;-95.6;-478.0;286.0;0.0;379.14285714285774;403.0;15
2021.06.24 10:33;WIN$;100>161;GAP;UP;1.0;190496.0;286.0;654.0;14.0;70.0;499.0;499.0;335.1428571428577;198.0;9
2021.06.24 11:44;WIN$;74>_11;GAP;UP;1.0;190077.0;189.0;952.0;-38.0;-190.0;499.0;499.0;383.35714285714334;103.0;11
2021.06.24 13:20;WIN$;100>161;GAP;UP;1.0;190722.0;373.0;428.0;-74.8;-374.0;499.0;499.0;392.85714285714334;285.0;13
2021.06.25 09:30;WIN$;74>_11;PREVDAY;UP;1.0;190671.0;592.0;935.0;-22.0;-110.0;147.0;0.0;277.4285714285719;359.0;9
2021.06.25 10:31;WIN$;61>161;PREVDAY;UP;1.0;190737.0;351.0;1098.0;15.2;76.0;147.0;0.0;279.0000000000005;227.0;9
2021.06.25 12:17;WIN$;74>_11;PREVDAY;UP;1.0;190773.0;549.0;1037.0;214.0;1070.0;147.0;0.0;318.71428571428623;293.0;10
2021.07.02 15:19;WIN$;61>161;PREVDAY;DOWN;1.0;188084.0;767.0;4439.0;17.8;89.0;285.0;0.0;608.1428571428576;417.0;10
2021.07.05 09:52;WIN$;61>161;GAP;DOWN;1.0;187688.0;203.0;944.0;-40.8;-204.0;205.0;205.0;283.2857142857145;81.0;9
2021.07.05 12:24;WIN$;161>_200;GAP;DOWN;1.0;186802.0;492.0;3444.0;-13.6;-68.0;205.0;205.0;423.7857142857144;418.0;12
2021.07.05 14:38;WIN$;100>161;GAP;DOWN;1.0;187335.0;248.0;591.0;121.6;608.0;205.0;205.0;289.0714285714287;30.0;14
2021.07.05 16:39;WIN$;161>_200;GAP;DOWN;1.0;186815.0;432.0;3431.0;18.0;90.0;205.0;205.0;302.0714285714287;220.0;15
2021.07.06 11:07;WIN$;61>161;PREVDAY;DOWN;1.0;186682.0;498.0;1553.0;319.2;1596.0;212.0;0.0;345.07142857142884;293.0;9
2021.07.07 11:17;WIN$;61>161;GAP;UP;1.0;185708.0;1158.0;1547.0;-233.2;-1166.0;557.0;557.0;390.8571428571433;989.0;9
2021.07.07 15:18;WIN$;100>161;GAP;UP;1.0;185920.0;358.0;1335.0;268.2;1341.0;557.0;557.0;457.0714285714289;51.0;13
2021.07.08 13:57;WIN$;61>161;GAP;DOWN;1.0;184636.0;542.0;3839.0;-113.2;-566.0;2500.0;2500.0;624.5714285714287;403.0;12
2021.07.12 12:35;WIN$;61>161;GAP;UP;1.0;185364.0;286.0;1613.0;326.8;1634.0;477.0;477.0;485.14285714285717;184.0;9
2021.07.13 10:28;WIN$;74>_11;PREVDAY;UP;1.0;187218.0;423.0;2642.0;13.0;65.0;469.0;0.0;278.64285714285734;360.0;9
2021.07.13 11:44;WIN$;61>161;PREVDAY;UP;1.0;187249.0;734.0;3283.0;-146.8;-734.0;469.0;0.0;353.92857142857156;330.0;10
2021.07.14 09:12;WIN$;100>161;PREVDAY;UP;1.0;188655.0;806.0;1877.0;16.0;80.0;469.0;0.0;491.7857142857145;703.0;15
2021.07.14 11:27;WIN$;100>161;PREVDAY;UP;1.0;189607.0;856.0;1490.0;20.0;100.0;249.0;0.0;337.2857142857146;740.0;9
2021.07.14 14:07;WIN$;100>161;PREVDAY;UP;1.0;189366.0;586.0;1731.0;-120.4;-602.0;249.0;0.0;479.214285714286;447.0;13
2021.07.15 10:07;WIN$;61>161;GAP;DOWN;1.0;188575.0;217.0;962.0;-48.4;-242.0;234.0;234.0;376.71428571428595;132.0;10
2021.07.15 13:10;WIN$;100>161;GAP;DOWN;1.0;188207.0;248.0;594.0;119.0;595.0;234.0;234.0;597.7857142857147;162.0;12
2021.07.15 14:15;WIN$;161>_200;GAP;DOWN;1.0;187797.0;388.0;3423.0;-67.2;-336.0;234.0;234.0;547.4285714285717;191.0;13
2021.07.16 11:33;WIN$;61>161;PREVDAY;DOWN;1.0;187805.0;438.0;3121.0;18.6;93.0;220.0;0.0;333.214285714286;242.0;10
2021.07.19 09:05;WIN$;61>161;PREVDAY;DOWN;1.0;187261.0;688.0;2577.0;869.2;4346.0;220.0;0.0;455.28571428571456;623.0;12
2021.07.19 10:45;WIN$;100>161;GAP;DOWN;1.0;182351.0;965.0;1590.0;-193.2;-966.0;2001.0;2001.0;548.6428571428573;843.0;9
2021.07.20 10:55;WIN$;74>_11;PREVDAY;UP;1.0;182958.0;197.0;1907.0;19.8;99.0;418.0;0.0;433.78571428571445;88.0;10
2021.07.20 11:39;WIN$;61>161;PREVDAY;UP;1.0;183215.0;1399.0;1730.0;17.6;88.0;418.0;0.0;579.7857142857144;1246.0;11
2021.07.20 12:02;WIN$;100>161;PREVDAY;UP;1.0;183305.0;177.0;1640.0;20.0;100.0;418.0;0.0;630.5000000000001;696.0;11
2021.07.20 12:24;WIN$;100>161;PREVDAY;UP;1.0;183407.0;213.0;1538.0;-42.6;-213.0;418.0;0.0;658.7142857142858;146.0;12
2021.07.22 09:31;WIN$;100>161;PREVDAY;UP;1.0;185562.0;308.0;821.0;-64.4;-322.0;169.0;0.0;309.07142857142856;154.0;9
2021.07.22 10:37;WIN$;61>161;PREVDAY;UP;1.0;185114.0;490.0;1269.0;-99.4;-497.0;169.0;0.0;336.85714285714283;213.0;10
2021.07.22 11:20;WIN$;74>_11;PREVDAY;UP;1.0;185017.0;308.0;1129.0;18.6;93.0;169.0;0.0;354.57142857142856;212.0;10
2021.07.23 10:20;WIN$;61>161;PREVDAY;UP;1.0;185004.0;366.0;1379.0;20.0;100.0;117.0;0.0;399.2142857142857;285.0;13
2021.07.23 10:48;WIN$;74>_11;PREVDAY;UP;1.0;185104.0;602.0;1008.0;-18.2;-91.0;117.0;0.0;271.857142857143;227.0;10
2021.07.27 10:30;WIN$;61>161;GAP;DOWN;1.0;184153.0;578.0;722.0;144.8;724.0;183.0;183.0;280.57142857142856;403.0;9
2021.07.27 11:15;WIN$;161>_200;GAP;DOWN;1.0;183619.0;330.0;3524.0;-69.4;-347.0;183.0;183.0;347.71428571428567;235.0;11
2021.07.28 10:36;WIN$;61>161;GAP;UP;1.0;184008.0;418.0;1156.0;232.8;1164.0;667.0;667.0;321.92857142857144;344.0;9
2021.07.28 12:47;WIN$;61>161;GAP;UP;1.0;183977.0;365.0;1187.0;17.8;89.0;667.0;667.0;506.42857142857144;300.0;12
2021.07.29 12:23;WIN$;74>_11;PREVDAY;UP;1.0;185480.0;409.0;2162.0;212.6;1063.0;323.0;0.0;366.0714285714285;205.0;10
2021.07.30 09:43;WIN$;61>161;GAP;DOWN;1.0;182952.0;379.0;1747.0;-80.6;-403.0;718.0;718.0;407.9285714285713;95.0;9
2021.08.02 11:21;WIN$;100>161;GAP;UP;1.0;181735.0;418.0;1212.0;242.4;1212.0;1305.0;1305.0;514.1428571428568;359.0;10
2021.08.02 16:57;WIN$;74>_11;GAP;UP;1.0;180518.0;819.0;1987.0;-24.6;-123.0;1305.0;1305.0;548.9999999999997;718.0;16
2021.08.02 17:02;WIN$;61>161;GAP;UP;1.0;180429.0;336.0;2518.0;-67.2;-336.0;1305.0;1305.0;524.9285714285712;183.0;17
2021.08.03 09:58;WIN$;61>161;PREVDAY;DOWN;1.0;179894.0;680.0;3589.0;19.8;99.0;850.0;0.0;699.642857142857;593.0;9
2021.08.03 15:45;WIN$;61>161;PREVDAY;DOWN;1.0;180187.0;1032.0;3882.0;-208.4;-1042.0;850.0;0.0;667.1428571428571;806.0;15
2021.08.04 10:25;WIN$;74>_11;PREVDAY;UP;1.0;180275.0;578.0;3455.0;-126.6;-633.0;404.0;0.0;608.5714285714284;536.0;10
2021.08.05 11:50;WIN$;74>_11;GAP;UP;1.0;180502.0;1069.0;2118.0;-110.2;-551.0;1612.0;1612.0;610.6428571428567;580.0;10
2021.08.06 12:00;WIN$;61>161;PREVDAY;DOWN;1.0;178692.0;826.0;4204.0;-165.4;-827.0;579.0;0.0;768.3571428571423;660.0;11
2021.08.09 12:13;WIN$;61>161;GAP;DOWN;1.0;179447.0;695.0;1156.0;-139.2;-696.0;425.0;425.0;541.7857142857137;454.0;12
2021.08.10 12:23;WIN$;61>161;GAP;UP;1.0;180810.0;732.0;801.0;19.6;98.0;132.0;132.0;437.21428571428515;403.0;11
2021.08.10 13:58;WIN$;74>_11;GAP;UP;1.0;180611.0;330.0;756.0;15.2;76.0;132.0;132.0;473.4285714285709;198.0;13
2021.08.10 14:38;WIN$;61>161;GAP;UP;1.0;180606.0;704.0;1005.0;-140.8;-704.0;132.0;132.0;468.8571428571423;264.0;14
2021.08.11 10:36;WIN$;100>161;PREVDAY;DOWN;1.0;178817.0;973.0;1083.0;217.0;1085.0;418.0;0.0;477.07142857142816;828.0;10
2021.08.11 15:06;WIN$;161>_200;PREVDAY;DOWN;1.0;177885.0;527.0;7859.0;353.4;1767.0;418.0;0.0;604.8571428571424;301.0;12
2021.08.12 10:37;WIN$;61>161;PREVDAY;DOWN;1.0;179703.0;373.0;1969.0;394.2;1971.0;286.0;0.0;408.99999999999983;301.0;15
2021.08.12 11:50;WIN$;100>161;PREVDAY;DOWN;1.0;177043.0;349.0;1693.0;-73.6;-368.0;286.0;0.0;549.7142857142854;242.0;11
2021.08.12 16:01;WIN$;61>161;PREVDAY;DOWN;1.0;177781.0;726.0;2431.0;18.6;93.0;286.0;0.0;485.5714285714286;645.0;14
2021.08.12 17:48;WIN$;100>161;PREVDAY;DOWN;1.0;177115.0;490.0;1765.0;19.8;99.0;286.0;0.0;429.00000000000006;198.0;16
2021.08.13 13:00;WIN$;61>161;PREVDAY;DOWN;1.0;177438.0;416.0;2835.0;19.8;99.0;176.0;0.0;414.7857142857143;344.0;10
2021.08.16 12:20;WIN$;61>161;GAP;DOWN;1.0;177650.0;204.0;3047.0;609.2;3046.0;763.0;763.0;408.0714285714283;51.0;17
2021.08.16 14:18;WIN$;161>_200;GAP;DOWN;1.0;174946.0;293.0;6614.0;-60.4;-302.0;763.0;763.0;463.85714285714266;220.0;14
2021.08.17 09:40;WIN$;61>161;GAP;DOWN;1.0;174249.0;783.0;1392.0;11.6;58.0;168.0;168.0;446.3571428571427;696.0;9
2021.08.17 10:34;WIN$;100>161;GAP;DOWN;1.0;173817.0;577.0;960.0;10.4;52.0;168.0;168.0;436.4285714285713;521.0;9
2021.08.17 11:48;WIN$;100>161;GAP;DOWN;1.0;173721.0;262.0;864.0;-55.8;-279.0;168.0;168.0;711.2142857142854;139.0;11
2021.08.18 10:55;WIN$;61>161;PREVDAY;DOWN;1.0;171879.0;712.0;4299.0;19.8;99.0;513.0;0.0;547.9999999999995;370.0;9
2021.08.19 09:00;WIN$;61>161;PREVDAY;DOWN;1.0;171989.0;863.0;4409.0;914.0;4570.0;513.0;0.0;720.4999999999998;792.0;16
2021.08.19 10:06;WIN$;61>161;GAP;DOWN;1.0;167810.0;603.0;2958.0;-121.4;-607.0;1701.0;1701.0;905.2142857142856;327.0;9
2021.08.20 10:09;WIN$;100>161;GAP;DOWN;1.0;170048.0;436.0;978.0;19.8;99.0;698.0;698.0;525.7857142857143;364.0;9
2021.08.24 10:38;WIN$;100>161;GAP;UP;1.0;173546.0;103.0;1171.0;234.2;1171.0;930.0;930.0;460.85714285714295;44.0;9
2021.08.24 11:14;WIN$;161>_200;GAP;UP;1.0;174671.0;361.0;7078.0;-72.4;-362.0;930.0;930.0;485.7142857142858;109.0;11
2021.08.25 10:56;WIN$;74>_11;PREVDAY;UP;1.0;174974.0;574.0;2619.0;32.6;163.0;422.0;0.0;325.9285714285714;509.0;9
2021.08.25 13:10;WIN$;61>161;PREVDAY;UP;1.0;174984.0;408.0;3414.0;-83.2;-416.0;422.0;0.0;461.42857142857144;268.0;11
2021.08.26 09:00;WIN$;100>161;PREVDAY;UP;1.0;176313.0;363.0;2085.0;-78.6;-393.0;422.0;0.0;353.92857142857133;298.0;16
2021.08.26 12:01;WIN$;61>161;GAP;DOWN;1.0;175891.0;820.0;868.0;173.8;869.0;298.0;298.0;490.14285714285705;668.0;11
2021.08.26 13:54;WIN$;161>_200;GAP;DOWN;1.0;175115.0;313.0;3667.0;-62.6;-313.0;298.0;298.0;562.2857142857142;101.0;13
2021.08.27 10:00;WIN$;74>_11;GAP;UP;1.0;174111.0;522.0;839.0;-106.2;-531.0;422.0;422.0;448.0714285714283;182.0;9
2021.08.27 12:25;WIN$;161>_200;GAP;UP;1.0;175237.0;246.0;4097.0;-52.4;-262.0;422.0;422.0;503.5714285714281;116.0;12
2021.08.30 10:04;WIN$;74>_11;PREVDAY;UP;1.0;175630.0;558.0;2028.0;24.8;124.0;494.0;0.0;304.071428571428;399.0;9
2021.08.30 10:31;WIN$;61>161;PREVDAY;UP;1.0;175768.0;647.0;2222.0;-134.8;-674.0;494.0;0.0;316.1428571428566;567.0;10
2021.08.31 10:16;WIN$;61>161;GAP;DOWN;1.0;174402.0;463.0;1082.0;-96.0;-480.0;196.0;196.0;343.4285714285708;283.0;9
2021.09.01 10:31;WIN$;61>161;PREVDAY;DOWN;1.0;173283.0;659.0;3331.0;17.4;87.0;371.0;0.0;396.07142857142776;581.0;10
2021.09.02 15:50;WIN$;61>161;PREVDAY;DOWN;1.0;173420.0;639.0;2811.0;563.6;2818.0;479.0;0.0;390.9285714285709;392.0;9
2021.09.03 09:40;WIN$;61>161;GAP;UP;1.0;171531.0;675.0;916.0;-135.0;-675.0;436.0;436.0;484.71428571428515;524.0;9
2021.09.03 10:50;WIN$;74>_11;GAP;UP;1.0;171108.0;938.0;1133.0;19.8;99.0;436.0;436.0;535.571428571428;356.0;9
2021.09.06 10:33;WIN$;61>161;PREVDAY;DOWN;1.0;169781.0;746.0;3111.0;-149.6;-748.0;334.0;0.0;471.71428571428504;545.0;9
2021.09.13 10:11;WIN$;100>161;GAP;UP;1.0;168793.0;626.0;715.0;15.2;76.0;916.0;916.0;621.2142857142844;436.0;9
2021.09.14 16:46;WIN$;61>161;GAP;DOWN;1.0;168966.0;522.0;1213.0;-106.2;-531.0;392.0;392.0;379.2142857142845;305.0;16
2021.09.16 09:33;WIN$;100>161;GAP;DOWN;1.0;166669.0;494.0;704.0;-99.0;-495.0;487.0;487.0;336.28571428571297;356.0;9
2021.09.16 12:27;WIN$;161>_200;GAP;DOWN;1.0;166190.0;471.0;4323.0;-46.6;-233.0;487.0;487.0;644.4999999999986;349.0;12
2021.09.20 17:49;WIN$;61>161;GAP;DOWN;1.0;159352.0;799.0;3989.0;14.6;73.0;2696.0;2696.0;755.8571428571416;378.0;10
2021.09.21 17:00;WIN$;61>161;GAP;UP;1.0;160225.0;777.0;2395.0;13.8;69.0;559.0;559.0;740.7857142857131;661.0;12
2021.09.21 17:34;WIN$;74>_11;GAP;UP;1.0;160294.0;881.0;1851.0;9.6;48.0;559.0;559.0;480.9999999999992;705.0;17
2021.09.22 10:52;WIN$;100>161;GAP;UP;1.0;163219.0;632.0;1877.0;19.2;96.0;1606.0;1606.0;658.9999999999993;458.0;10
2021.09.22 11:23;WIN$;100>161;GAP;UP;1.0;163316.0;424.0;1780.0;18.2;91.0;1606.0;1606.0;713.8571428571421;523.0;10
2021.09.22 15:18;WIN$;100>161;GAP;UP;1.0;163648.0;763.0;1448.0;290.4;1452.0;1606.0;1606.0;697.4999999999992;596.0;12
2021.09.23 09:53;WIN$;61>161;GAP;UP;1.0;164251.0;414.0;1074.0;18.2;91.0;255.0;255.0;636.3571428571423;182.0;9
2021.09.23 10:34;WIN$;74>_11;GAP;UP;1.0;164177.0;501.0;972.0;-43.6;-218.0;255.0;255.0;564.7857142857137;378.0;10
2021.09.23 10:50;WIN$;61>161;GAP;UP;1.0;164395.0;558.0;930.0;190.2;951.0;255.0;255.0;527.2857142857138;174.0;10
2021.09.24 10:31;WIN$;100>161;GAP;DOWN;1.0;164119.0;602.0;890.0;-120.8;-604.0;785.0;785.0;427.0714285714281;385.0;10
2021.09.24 12:15;WIN$;61>161;GAP;DOWN;1.0;164344.0;741.0;1115.0;17.2;86.0;785.0;785.0;562.2142857142851;566.0;11
2021.09.24 14:30;WIN$;61>161;GAP;DOWN;1.0;164613.0;421.0;1384.0;-84.4;-422.0;785.0;785.0;493.2142857142851;334.0;13
2021.09.27 10:50;WIN$;74>_11;PREVDAY;UP;1.0;164889.0;1053.0;1370.0;18.2;91.0;334.0;0.0;362.7142857142851;893.0;9
2021.09.27 13:57;WIN$;61>161;PREVDAY;UP;1.0;165261.0;894.0;1199.0;20.0;100.0;334.0;0.0;445.8571428571422;749.0;11
2021.09.27 15:10;WIN$;74>_11;PREVDAY;UP;1.0;164912.0;296.0;1393.0;278.4;1392.0;334.0;0.0;369.1428571428566;233.0;14
2021.09.28 12:09;WIN$;61>161;GAP;DOWN;1.0;163799.0;501.0;1986.0;397.0;1985.0;915.0;915.0;627.4999999999994;429.0;11
2021.09.28 13:40;WIN$;161>_200;GAP;DOWN;1.0;162020.0;683.0;7680.0;-74.2;-371.0;915.0;915.0;691.8571428571423;414.0;12
2021.09.29 10:38;WIN$;61>161;GAP;UP;1.0;161518.0;791.0;1547.0;-158.2;-791.0;749.0;749.0;544.8571428571423;640.0;9
2021.09.29 13:23;WIN$;100>161;GAP;UP;1.0;161970.0;357.0;1095.0;15.4;77.0;749.0;749.0;616.428571428571;225.0;11
2021.09.29 16:52;WIN$;100>161;GAP;UP;1.0;162012.0;719.0;1053.0;-143.8;-719.0;749.0;749.0;529.7857142857141;480.0;15
2021.09.30 14:17;WIN$;61>161;GAP;UP;1.0;162370.0;415.0;1015.0;-87.6;-438.0;508.0;508.0;656.6428571428568;225.0;14
2021.10.01 09:34;WIN$;100>161;GAP;UP;1.0;161664.0;254.0;582.0;-50.8;-254.0;335.0;335.0;498.14285714285666;109.0;9
2021.10.04 09:48;WIN$;100>161;GAP;DOWN;1.0;162884.0;333.0;840.0;-70.0;-350.0;661.0;661.0;356.07142857142804;247.0;9
2021.10.04 11:18;WIN$;161>_200;GAP;DOWN;1.0;162116.0;474.0;5185.0;-94.8;-474.0;661.0;661.0;464.9999999999995;189.0;11
2021.10.05 10:25;WIN$;74>_11;GAP;UP;1.0;161228.0;521.0;1096.0;17.4;87.0;705.0;705.0;380.8571428571426;189.0;9
2021.10.05 11:19;WIN$;61>161;GAP;UP;1.0;161242.0;646.0;1323.0;-132.4;-662.0;705.0;705.0;517.9285714285711;574.0;11
2021.10.05 14:43;WIN$;100>161;GAP;UP;1.0;162006.0;531.0;559.0;-106.2;-531.0;705.0;705.0;573.4999999999997;436.0;12
2021.10.05 16:44;WIN$;61>161;GAP;UP;1.0;161388.0;509.0;1177.0;-104.6;-523.0;705.0;705.0;414.71428571428515;371.0;15
2021.10.06 10:21;WIN$;61>161;GAP;DOWN;1.0;157915.0;1008.0;2559.0;-204.8;-1024.0;1213.0;1213.0;584.8571428571422;915.0;9
2021.10.08 09:32;WIN$;100>161;GAP;UP;1.0;162510.0;497.0;592.0;-99.4;-497.0;385.0;385.0;420.92857142857076;349.0;9
2021.10.11 12:07;WIN$;74>_11;GAP;UP;1.0;164729.0;407.0;865.0;-86.0;-430.0;94.0;94.0;523.2857142857137;298.0;11
2021.10.11 13:41;WIN$;61>161;GAP;UP;1.0;164999.0;654.0;808.0;-133.8;-669.0;94.0;94.0;619.4285714285708;494.0;12
2021.10.13 10:17;WIN$;100>161;PREVDAY;DOWN;1.0;162740.0;747.0;1732.0;-154.0;-770.0;276.0;0.0;331.7857142857136;524.0;9
2021.10.13 11:34;WIN$;61>161;PREVDAY;DOWN;1.0;163400.0;748.0;2392.0;13.8;69.0;276.0;0.0;444.2857142857136;654.0;11
2021.10.15 10:45;WIN$;61>161;PREVDAY;DOWN;1.0;164372.0;416.0;2494.0;-87.8;-439.0;216.0;0.0;348.0714285714282;294.0;10
2021.10.18 10:35;WIN$;61>161;GAP;DOWN;1.0;164752.0;826.0;1012.0;211.2;1056.0;446.0;446.0;318.4999999999996;596.0;9
2021.10.19 12:07;WIN$;61>161;GAP;DOWN;1.0;163516.0;1645.0;1724.0;344.6;1723.0;561.0;561.0;430.2857142857138;1581.0;9
2021.10.19 13:20;WIN$;161>_200;GAP;DOWN;1.0;161958.0;403.0;9089.0;-80.6;-403.0;561.0;561.0;568.5714285714281;316.0;12
2021.10.20 10:37;WIN$;61>161;PREVDAY;DOWN;1.0;160787.0;1235.0;5022.0;19.8;99.0;747.0;0.0;957.6428571428565;1164.0;10
2021.10.20 12:18;WIN$;61>161;PREVDAY;DOWN;1.0;161181.0;668.0;5416.0;-134.8;-674.0;747.0;0.0;714.4285714285706;424.0;12
2021.10.21 14:18;WIN$;100>161;GAP;DOWN;1.0;159069.0;833.0;3304.0;665.4;3327.0;647.0;647.0;667.7142857142852;395.0;17
2021.10.21 14:48;WIN$;61>161;GAP;DOWN;1.0;155742.0;1437.0;1470.0;312.4;1562.0;647.0;647.0;766.2857142857135;1114.0;14
2021.10.21 17:39;WIN$;161>_200;GAP;DOWN;1.0;154530.0;1044.0;9359.0;216.6;1083.0;647.0;647.0;855.571428571428;489.0;15
2021.10.21 17:46;WIN$;100>161;GAP;DOWN;1.0;155613.0;761.0;1341.0;-152.4;-762.0;647.0;647.0;968.9999999999994;366.0;17
2021.10.25 09:29;WIN$;74>_11;GAP;UP;1.0;154664.0;812.0;1487.0;19.4;97.0;654.0;654.0;1154.3571428571424;388.0;9
2021.10.25 10:12;WIN$;61>161;GAP;UP;1.0;155355.0;927.0;1314.0;16.6;83.0;654.0;654.0;1016.1428571428569;711.0;9
2021.10.25 12:55;WIN$;161>_200;GAP;UP;1.0;156625.0;496.0;7235.0;-24.4;-122.0;654.0;654.0;740.9285714285711;352.0;12
2021.10.26 09:55;WIN$;100>161;GAP;DOWN;1.0;155807.0;495.0;741.0;19.8;99.0;144.0;144.0;557.8571428571425;187.0;9
2021.10.26 11:50;WIN$;161>_200;GAP;DOWN;1.0;155722.0;1028.0;4775.0;-208.0;-1040.0;144.0;144.0;668.0714285714283;805.0;11
2021.10.27 16:47;WIN$;61>161;PREVDAY;DOWN;1.0;154585.0;798.0;2792.0;15.4;77.0;360.0;0.0;414.71428571428544;582.0;16
2021.10.29 09:57;WIN$;61>161;GAP;UP;1.0;152293.0;337.0;1396.0;279.2;1396.0;144.0;144.0;773.7857142857141;179.0;9
2021.10.29 12:15;WIN$;61>161;GAP;UP;1.0;152287.0;489.0;1402.0;11.4;57.0;144.0;144.0;829.7142857142856;337.0;11
2021.10.29 12:48;WIN$;61>161;GAP;UP;1.0;152452.0;424.0;1237.0;-88.0;-440.0;144.0;144.0;792.4285714285713;309.0;12
2021.11.01 11:21;WIN$;100>161;GAP;UP;1.0;151697.0;409.0;792.0;158.4;792.0;316.0;316.0;569.2142857142858;137.0;11
2021.11.04 11:21;WIN$;74>_11;PREVDAY;UP;1.0;153637.0;927.0;3472.0;343.2;1716.0;495.0;0.0;766.7142857142856;841.0;9
2021.11.08 10:00;WIN$;61>161;GAP;DOWN;1.0;150512.0;337.0;970.0;14.2;71.0;302.0;302.0;367.1428571428567;166.0;9
2021.11.09 10:12;WIN$;74>_11;PREVDAY;UP;1.0;152028.0;509.0;2453.0;-109.4;-547.0;366.0;0.0;370.35714285714243;366.0;10
2021.11.09 11:54;WIN$;100>161;PREVDAY;UP;1.0;153309.0;843.0;1592.0;18.6;93.0;366.0;0.0;460.1428571428567;532.0;10
2021.11.09 14:08;WIN$;100>161;PREVDAY;UP;1.0;153567.0;670.0;1334.0;-134.0;-670.0;366.0;0.0;549.5714285714281;603.0;13
2021.11.10 09:28;WIN$;61>161;GAP;DOWN;1.0;151352.0;675.0;994.0;-136.8;-684.0;316.0;316.0;544.428571428571;590.0;9
2021.11.11 11:34;WIN$;161>_200;GAP;UP;1.0;155988.0;472.0;6562.0;-94.6;-473.0;725.0;725.0;529.6428571428563;402.0;11
2021.11.16 09:33;WIN$;61>161;PREVDAY;DOWN;1.0;153846.0;488.0;3202.0;-97.8;-489.0;302.0;0.0;334.4999999999994;216.0;9
2021.11.16 12:29;WIN$;100>161;PREVDAY;DOWN;1.0;152258.0;890.0;1614.0;322.6;1613.0;302.0;0.0;630.5714285714279;754.0;11
2021.11.16 13:32;WIN$;161>_200;PREVDAY;DOWN;1.0;150944.0;633.0;12048.0;-37.6;-188.0;302.0;0.0;705.5714285714278;467.0;13
2021.11.17 10:53;WIN$;61>161;PREVDAY;DOWN;1.0;151467.0;733.0;3824.0;19.8;99.0;187.0;0.0;479.28571428571365;632.0;10
2021.11.17 13:43;WIN$;100>161;PREVDAY;DOWN;1.0;149865.0;1595.0;2222.0;19.8;99.0;187.0;0.0;701.0714285714281;1458.0;12
2021.11.18 18:19;WIN$;100>161;PREVDAY;DOWN;1.0;147803.0;711.0;2800.0;-146.8;-734.0;280.0;0.0;751.9285714285706;582.0;12
2021.11.19 10:14;WIN$;61>161;PREVDAY;DOWN;1.0;148272.0;500.0;2557.0;10.2;51.0;597.0;0.0;481.99999999999903;431.0;10
2021.11.22 11:01;WIN$;61>161;GAP;UP;1.0;149736.0;474.0;876.0;177.4;887.0;259.0;259.0;404.49999999999903;338.0;10
2021.11.22 16:15;WIN$;161>_200;GAP;UP;1.0;150519.0;380.0;3988.0;458.2;2291.0;259.0;259.0;490.6428571428561;230.0;13
2021.11.23 11:04;WIN$;61>161;PREVDAY;DOWN;1.0;148298.0;647.0;3569.0;-132.6;-663.0;474.0;0.0;502.28571428571325;388.0;10
2021.11.23 13:17;WIN$;100>161;PREVDAY;DOWN;1.0;147020.0;624.0;2291.0;-132.4;-662.0;474.0;0.0;702.9285714285703;265.0;13
2021.11.24 10:13;WIN$;74>_11;PREVDAY;UP;1.0;149247.0;596.0;2882.0;73.2;366.0;561.0;0.0;607.2142857142844;201.0;9
2021.11.24 10:41;WIN$;61>161;PREVDAY;UP;1.0;148975.0;762.0;3427.0;-154.0;-770.0;561.0;0.0;576.2857142857131;446.0;10
2021.11.24 13:59;WIN$;100>161;PREVDAY;UP;1.0;150656.0;1049.0;1746.0;14.2;71.0;561.0;0.0;773.2857142857131;847.0;12
2021.11.25 18:20;WIN$;100>161;PREVDAY;UP;1.0;152021.0;640.0;2069.0;186.8;934.0;309.0;0.0;499.99999999999864;431.0;11
2021.11.26 10:45;WIN$;100>161;GAP;DOWN;1.0;148154.0;762.0;3019.0;19.8;99.0;3291.0;3291.0;662.4999999999985;689.0;10
2021.11.26 10:54;WIN$;100>161;GAP;DOWN;1.0;148054.0;345.0;2919.0;-69.2;-346.0;3291.0;3291.0;742.0714285714271;380.0;10
2021.11.29 10:10;WIN$;100>161;GAP;UP;1.0;149614.0;395.0;1407.0;-81.8;-409.0;1408.0;1408.0;493.28571428571274;280.0;9
2021.11.29 13:38;WIN$;61>161;GAP;UP;1.0;148600.0;373.0;2421.0;-77.2;-386.0;1408.0;1408.0;607.7142857142843;258.0;13
2021.11.29 16:24;WIN$;100>161;GAP;UP;1.0;149636.0;611.0;1385.0;-123.8;-619.0;1408.0;1408.0;404.9285714285701;309.0;16
2021.11.29 18:09;WIN$;74>_11;GAP;UP;1.0;148673.0;732.0;1869.0;50.2;251.0;1408.0;1408.0;394.2142857142843;596.0;17
2021.11.30 10:20;WIN$;61>161;GAP;DOWN;1.0;147507.0;511.0;1524.0;18.2;91.0;639.0;639.0;480.42857142856997;417.0;9
2021.11.30 12:52;WIN$;61>161;GAP;DOWN;1.0;147386.0;754.0;1403.0;280.4;1402.0;639.0;639.0;668.92857142857;488.0;12
2021.11.30 17:54;WIN$;161>_200;GAP;DOWN;1.0;146439.0;799.0;5108.0;18.4;92.0;639.0;639.0;505.64285714285563;647.0;17
2021.12.01 10:46;WIN$;74>_11;GAP;UP;1.0;148484.0;1100.0;1690.0;-221.8;-1109.0;819.0;819.0;643.0714285714272;949.0;10
2021.12.02 10:53;WIN$;61>161;GAP;UP;1.0;146726.0;913.0;1425.0;289.0;1445.0;596.0;596.0;759.9285714285699;754.0;9
2021.12.03 09:35;WIN$;61>161;GAP;DOWN;1.0;149527.0;654.0;738.0;-131.0;-655.0;79.0;79.0;469.78571428571274;474.0;9
2021.12.06 10:44;WIN$;74>_11;PREVDAY;UP;1.0;152442.0;742.0;3596.0;-163.4;-817.0;301.0;0.0;674.4285714285699;380.0;10
2021.12.06 12:52;WIN$;100>161;PREVDAY;UP;1.0;154162.0;877.0;2603.0;17.6;88.0;301.0;0.0;742.714285714284;611.0;12
2021.12.06 16:47;WIN$;100>161;PREVDAY;UP;1.0;154127.0;303.0;2638.0;-65.8;-329.0;301.0;0.0;376.78571428571263;223.0;16
2021.12.07 11:23;WIN$;74>_11;GAP;UP;1.0;155734.0;633.0;1936.0;48.6;243.0;1307.0;1307.0;497.4285714285698;446.0;10
2021.12.07 14:52;WIN$;61>161;GAP;UP;1.0;155858.0;877.0;2019.0;-175.4;-877.0;1307.0;1307.0;593.3571428571414;639.0;12
2021.12.08 10:03;WIN$;61>161;PREVDAY;DOWN;1.0;155073.0;518.0;2368.0;-103.8;-519.0;345.0;0.0;452.21428571428436;359.0;9
2021.12.09 11:49;WIN$;100>161;GAP;DOWN;1.0;154118.0;668.0;1037.0;207.2;1036.0;1057.0;1057.0;405.571428571427;352.0;10
2021.12.09 14:05;WIN$;161>_200;GAP;DOWN;1.0;153177.0;294.0;6145.0;-7.0;-35.0;1057.0;1057.0;427.5714285714269;129.0;12
2021.12.10 10:31;WIN$;61>161;GAP;UP;1.0;154350.0;856.0;1423.0;287.0;1435.0;633.0;633.0;440.7857142857125;804.0;9
2021.12.10 18:20;WIN$;100>161;GAP;UP;1.0;154825.0;519.0;948.0;58.4;292.0;633.0;633.0;364.85714285714124;324.0;15
2021.12.13 14:31;WIN$;161>_200;GAP;UP;1.0;156554.0;395.0;3355.0;284.2;1421.0;194.0;194.0;426.49999999999835;330.0;12
2021.12.13 17:48;WIN$;61>161;GAP;UP;1.0;155707.0;496.0;871.0;-99.2;-496.0;194.0;194.0;332.64285714285546;388.0;17
2021.12.14 11:38;WIN$;61>161;PREVDAY;DOWN;1.0;154758.0;948.0;2586.0;-189.8;-949.0;532.0;0.0;692.9285714285697;762.0;11
2021.12.14 17:00;WIN$;100>161;PREVDAY;DOWN;1.0;153731.0;732.0;1559.0;18.6;93.0;532.0;0.0;696.4285714285697;561.0;14
2021.12.15 12:40;WIN$;100>161;PREVDAY;DOWN;1.0;152830.0;1308.0;2376.0;15.8;79.0;295.0;0.0;442.64285714285535;1075.0;10
2021.12.15 14:29;WIN$;100>161;PREVDAY;DOWN;1.0;152715.0;369.0;2261.0;-74.6;-373.0;295.0;0.0;579.2142857142841;269.0;14
2021.12.16 10:40;WIN$;61>161;GAP;UP;1.0;155895.0;661.0;1916.0;20.0;100.0;920.0;920.0;768.2142857142841;467.0;9
2021.12.16 11:30;WIN$;74>_11;GAP;UP;1.0;155581.0;440.0;1787.0;19.8;99.0;920.0;920.0;564.2857142857127;360.0;11
2021.12.16 14:46;WIN$;61>161;GAP;UP;1.0;155795.0;851.0;2016.0;-173.0;-865.0;920.0;920.0;606.0714285714271;779.0;13
2021.12.17 10:09;WIN$;61>161;GAP;DOWN;1.0;154605.0;411.0;872.0;175.0;875.0;375.0;375.0;464.99999999999875;311.0;9
2021.12.17 13:44;WIN$;161>_200;GAP;DOWN;1.0;154075.0;673.0;3934.0;-35.6;-178.0;375.0;375.0;482.0714285714272;608.0;13
2021.12.17 17:17;WIN$;100>161;GAP;DOWN;1.0;154216.0;467.0;483.0;96.4;482.0;375.0;375.0;373.1428571428558;396.0;16
2021.12.20 11:23;WIN$;100>161;GAP;DOWN;1.0;150988.0;999.0;1098.0;19.8;99.0;1415.0;1415.0;574.2857142857129;807.0;10
2021.12.20 14:56;WIN$;161>_200;GAP;DOWN;1.0;149936.0;320.0;8583.0;18.2;91.0;1415.0;1415.0;522.4999999999986;220.0;13
2021.12.21 11:37;WIN$;74>_11;GAP;UP;1.0;151653.0;306.0;1327.0;105.6;528.0;920.0;920.0;365.99999999999864;205.0;9
2021.12.22 10:01;WIN$;61>161;PREVDAY;DOWN;1.0;151110.0;155.0;1712.0;-34.0;-170.0;305.0;0.0;237.14285714285558;57.0;9
2021.12.22 11:45;WIN$;100>161;PREVDAY;DOWN;1.0;150247.0;792.0;849.0;18.4;92.0;305.0;0.0;346.78571428571274;637.0;10
2021.12.23 10:21;WIN$;74>_11;GAP;UP;1.0;151478.0;219.0;795.0;160.0;800.0;184.0;184.0;243.07142857142708;149.0;9
2021.12.27 12:25;WIN$;61>161;PREVDAY;DOWN;1.0;150232.0;623.0;2225.0;-125.2;-626.0;630.0;0.0;382.7142857142842;446.0;11
2021.12.28 11:07;WIN$;74>_11;PREVDAY;UP;1.0;150968.0;198.0;1218.0;246.0;1230.0;361.0;0.0;252.1428571428556;35.0;10
2021.12.29 10:48;WIN$;61>161;PREVDAY;DOWN;1.0;149722.0;701.0;1587.0;19.6;98.0;191.0;0.0;254.71428571428405;602.0;10
2021.12.29 10:51;WIN$;100>161;PREVDAY;DOWN;1.0;149622.0;158.0;1487.0;-31.8;-159.0;191.0;0.0;303.2142857142841;205.0;10
2021.12.29 18:20;WIN$;61>161;PREVDAY;DOWN;1.0;149928.0;651.0;1793.0;234.6;1173.0;191.0;0.0;405.78571428571263;474.0;11
2021.12.30 09:37;WIN$;61>161;PREVDAY;DOWN;1.0;149255.0;164.0;2139.0;-34.2;-171.0;255.0;0.0;244.64285714285535;50.0;9
2022.01.03 10:02;WIN$;100>161;GAP;UP;1.0;150869.0;496.0;648.0;-102.0;-510.0;375.0;375.0;269.92857142856974;198.0;9
2022.01.03 12:42;WIN$;161>_200;GAP;UP;1.0;150989.0;623.0;3723.0;421.2;2106.0;375.0;375.0;426.5714285714269;566.0;11
2022.01.04 10:41;WIN$;74>_11;GAP;UP;1.0;149240.0;518.0;1234.0;247.0;1235.0;311.0;311.0;356.35714285714124;269.0;9
2022.01.06 12:26;WIN$;161>_200;GAP;UP;1.0;145102.0;672.0;3101.0;-56.0;-280.0;85.0;85.0;608.9285714285696;467.0;12
2022.01.06 18:20;WIN$;100>161;GAP;UP;1.0;144691.0;191.0;487.0;68.0;340.0;85.0;85.0;297.0714285714267;63.0;18
2022.01.07 10:05;WIN$;61>161;PREVDAY;UP;1.0;145216.0;468.0;2149.0;-93.6;-468.0;304.0;0.0;315.21428571428385;325.0;9
2022.01.07 11:43;WIN$;74>_11;PREVDAY;UP;1.0;145195.0;622.0;1602.0;-124.6;-623.0;304.0;0.0;504.357142857141;431.0;11
2022.01.07 12:05;WIN$;100>161;PREVDAY;UP;1.0;146073.0;399.0;1292.0;-81.0;-405.0;304.0;0.0;552.4285714285695;134.0;12
2022.01.07 13:26;WIN$;74>_11;PREVDAY;UP;1.0;145392.0;368.0;1799.0;19.8;99.0;304.0;0.0;555.9285714285695;191.0;12
2022.01.07 18:20;WIN$;61>161;PREVDAY;UP;1.0;145336.0;553.0;2029.0;220.4;1102.0;304.0;0.0;548.357142857141;339.0;13
2022.01.10 11:59;WIN$;61>161;GAP;DOWN;1.0;145760.0;630.0;1069.0;217.8;1089.0;63.0;63.0;483.14285714285546;467.0;11
2022.01.10 13:51;WIN$;161>_200;GAP;DOWN;1.0;144840.0;432.0;4536.0;-26.8;-134.0;63.0;63.0;537.0714285714267;311.0;13
2022.01.11 10:11;WIN$;74>_11;PREVDAY;UP;1.0;145718.0;976.0;1996.0;17.0;85.0;538.0;0.0;388.14285714285546;616.0;9
2022.01.11 10:42;WIN$;61>161;PREVDAY;UP;1.0;145684.0;583.0;2103.0;20.0;100.0;538.0;0.0;410.3571428571412;368.0;10
2022.01.11 11:53;WIN$;74>_11;PREVDAY;UP;1.0;145667.0;652.0;1945.0;-133.4;-667.0;538.0;0.0;450.28571428571263;290.0;10
2022.01.11 12:32;WIN$;100>161;PREVDAY;UP;1.0;146539.0;256.0;1248.0;19.6;98.0;538.0;0.0;501.92857142856974;191.0;12
2022.01.12 11:56;WIN$;100>161;PREVDAY;UP;1.0;148733.0;1021.0;1707.0;342.2;1711.0;325.0;0.0;320.2142857142838;878.0;10
2022.01.13 13:25;WIN$;61>161;GAP;DOWN;1.0;150331.0;418.0;816.0;-87.4;-437.0;78.0;78.0;517.4285714285692;354.0;12
2022.01.14 18:12;WIN$;61>161;PREVDAY;UP;1.0;150799.0;907.0;1844.0;372.0;1860.0;262.0;0.0;468.9999999999974;700.0;11
2022.01.17 10:04;WIN$;74>_11;PREVDAY;UP;1.0;151874.0;375.0;2668.0;-11.6;-58.0;290.0;0.0;313.4285714285687;290.0;9
2022.01.17 16:01;WIN$;61>161;PREVDAY;UP;1.0;151605.0;390.0;3216.0;20.0;100.0;290.0;0.0;359.9285714285688;227.0;12
2022.01.17 18:14;WIN$;61>161;PREVDAY;UP;1.0;151754.0;298.0;3067.0;-62.4;-312.0;290.0;0.0;193.6428571428544;191.0;17
2022.01.19 10:22;WIN$;100>161;PREVDAY;UP;1.0;152886.0;786.0;987.0;197.4;987.0;255.0;0.0;390.71428571428294;707.0;9
2022.01.19 17:13;WIN$;161>_200;PREVDAY;UP;1.0;153848.0;375.0;8116.0;-75.4;-377.0;255.0;0.0;270.71428571428294;247.0;16
2022.01.20 11:26;WIN$;61>161;GAP;UP;1.0;154556.0;631.0;982.0;196.4;982.0;64.0;64.0;325.92857142856866;488.0;10
2022.01.20 11:59;WIN$;161>_200;GAP;UP;1.0;155277.0;489.0;3708.0;-102.2;-511.0;64.0;64.0;396.28571428571155;290.0;11
2022.01.21 11:56;WIN$;61>161;PREVDAY;UP;1.0;155641.0;612.0;2261.0;19.8;99.0;361.0;0.0;488.4285714285688;474.0;11
2022.01.21 14:12;WIN$;61>161;PREVDAY;UP;1.0;155526.0;398.0;2376.0;-79.6;-398.0;361.0;0.0;529.714285714283;191.0;12
2022.01.24 10:51;WIN$;61>161;GAP;DOWN;1.0;154314.0;412.0;1169.0;234.6;1173.0;198.0;198.0;412.57142857142594;120.0;10
2022.01.24 11:44;WIN$;161>_200;GAP;DOWN;1.0;153225.0;170.0;4323.0;-42.4;-212.0;198.0;198.0;436.2142857142831;99.0;11
2022.01.25 10:24;WIN$;61>161;GAP;DOWN;1.0;153075.0;511.0;899.0;19.8;99.0;298.0;298.0;476.071428571426;431.0;9
2022.01.26 11:49;WIN$;161>_200;GAP;UP;1.0;159048.0;624.0;5249.0;-125.0;-625.0;601.0;601.0;620.571428571426;403.0;10
2022.01.27 12:31;WIN$;61>161;PREVDAY;UP;1.0;159424.0;829.0;2491.0;20.0;100.0;389.0;0.0;741.9285714285688;771.0;9
2022.01.27 12:57;WIN$;74>_11;PREVDAY;UP;1.0;159523.0;842.0;2141.0;-168.6;-843.0;389.0;0.0;495.1428571428546;538.0;12
2022.01.27 14:38;WIN$;100>161;PREVDAY;UP;1.0;160422.0;440.0;1493.0;-89.2;-446.0;389.0;0.0;516.571428571426;262.0;13
2022.01.27 15:34;WIN$;74>_11;PREVDAY;UP;1.0;159339.0;559.0;1957.0;19.8;99.0;389.0;0.0;460.85714285714033;403.0;15
2022.01.27 18:20;WIN$;61>161;PREVDAY;UP;1.0;159382.0;497.0;2533.0;117.4;587.0;389.0;0.0;451.8571428571403;417.0;15
2022.01.28 10:14;WIN$;61>161;GAP;DOWN;1.0;159077.0;531.0;819.0;-106.4;-532.0;156.0;156.0;451.8571428571402;439.0;9
2022.01.28 15:30;WIN$;100>161;GAP;DOWN;1.0;158680.0;390.0;422.0;-82.8;-414.0;156.0;156.0;519.571428571426;269.0;14
2022.01.31 10:39;WIN$;100>161;PREVDAY;DOWN;1.0;158328.0;891.0;1370.0;-181.2;-906.0;291.0;0.0;425.64285714285455;842.0;9
2022.01.31 11:44;WIN$;61>161;PREVDAY;DOWN;1.0;158858.0;495.0;1900.0;-100.6;-503.0;291.0;0.0;520.0714285714259;417.0;11
2022.01.31 13:04;WIN$;100>161;PREVDAY;DOWN;1.0;158341.0;545.0;1383.0;-113.4;-567.0;291.0;0.0;524.4999999999974;410.0;12
2022.02.03 11:07;WIN$;100>161;PREVDAY;DOWN;1.0;158086.0;390.0;1988.0;-78.2;-391.0;304.0;0.0;433.21428571428305;220.0;11
2022.02.04 15:56;WIN$;61>161;PREVDAY;UP;1.0;159050.0;377.0;1575.0;-76.6;-383.0;523.0;0.0;533.1428571428546;234.0;13
2022.02.07 10:05;WIN$;74>_11;PREVDAY;UP;1.0;158618.0;481.0;2547.0;-22.0;-110.0;234.0;0.0;297.8571428571405;375.0;9
2022.02.08 10:04;WIN$;100>161;GAP;DOWN;1.0;158220.0;291.0;399.0;82.4;412.0;56.0;56.0;302.71428571428305;56.0;10
2022.02.08 11:55;WIN$;161>_200;GAP;DOWN;1.0;157826.0;356.0;2582.0;20.0;100.0;56.0;56.0;349.3571428571403;269.0;11
2022.02.08 16:20;WIN$;161>_200;GAP;DOWN;1.0;157953.0;334.0;2455.0;129.8;649.0;56.0;56.0;368.57142857142605;163.0;12
2022.02.09 10:16;WIN$;74>_11;PREVDAY;UP;1.0;158800.0;391.0;1925.0;-78.4;-392.0;354.0;0.0;294.2142857142832;333.0;10
2022.02.09 11:53;WIN$;61>161;PREVDAY;UP;1.0;158782.0;448.0;2270.0;19.4;97.0;354.0;0.0;404.14285714285467;368.0;11
2022.02.09 16:20;WIN$;100>161;PREVDAY;UP;1.0;160105.0;944.0;947.0;-190.0;-950.0;354.0;0.0;461.2857142857119;835.0;12
2022.02.11 10:51;WIN$;61>161;PREVDAY;UP;1.0;161200.0;1175.0;1635.0;17.0;85.0;148.0;0.0;330.49999999999744;1111.0;9
2022.02.11 15:40;WIN$;100>161;PREVDAY;UP;1.0;161683.0;731.0;1152.0;11.0;55.0;148.0;0.0;390.2857142857117;587.0;11
2022.02.11 18:20;WIN$;74>_11;PREVDAY;UP;1.0;160442.0;673.0;1882.0;-69.6;-348.0;148.0;0.0;487.7142857142831;516.0;17
2022.02.15 10:11;WIN$;74>_11;GAP;UP;1.0;162014.0;382.0;1116.0;19.6;98.0;488.0;488.0;400.2857142857117;28.0;9
2022.02.15 12:03;WIN$;61>161;GAP;UP;1.0;161916.0;476.0;1230.0;-99.0;-495.0;488.0;488.0;355.6428571428546;220.0;10
2022.02.15 16:36;WIN$;100>161;GAP;UP;1.0;162419.0;201.0;727.0;-41.4;-207.0;488.0;488.0;206.78571428571178;71.0;15
2022.02.16 10:34;WIN$;100>161;PREVDAY;UP;1.0;163095.0;246.0;856.0;171.2;856.0;298.0;0.0;207.92857142856892;167.0;9
2022.02.17 10:02;WIN$;61>161;GAP;DOWN;1.0;162739.0;147.0;886.0;-30.8;-154.0;181.0;181.0;292.8571428571402;77.0;10
2022.02.17 11:52;WIN$;100>161;GAP;DOWN;1.0;162388.0;463.0;535.0;106.8;534.0;181.0;181.0;348.28571428571166;392.0;11
2022.02.18 10:09;WIN$;100>161;GAP;UP;1.0;161745.0;274.0;582.0;-54.8;-274.0;448.0;448.0;327.7857142857118;154.0;9
2022.02.18 12:30;WIN$;74>_11;GAP;UP;1.0;161332.0;505.0;935.0;186.8;934.0;448.0;448.0;361.2142857142832;427.0;10
2022.02.21 10:57;WIN$;100>161;PREVDAY;DOWN;1.0;159367.0;785.0;1390.0;-161.2;-806.0;196.0;0.0;380.0714285714261;664.0;10
2022.02.21 18:20;WIN$;61>161;PREVDAY;DOWN;1.0;160298.0;294.0;2321.0;447.4;2237.0;196.0;0.0;389.49999999999756;167.0;11
2022.02.22 13:34;WIN$;61>161;GAP;UP;1.0;159559.0;689.0;1031.0;17.6;88.0;776.0;776.0;378.8571428571405;637.0;9
2022.02.22 15:16;WIN$;100>161;GAP;UP;1.0;159600.0;226.0;990.0;-45.2;-226.0;776.0;776.0;283.0714285714263;98.0;15
2022.02.22 16:27;WIN$;74>_11;GAP;UP;1.0;159026.0;378.0;1278.0;-75.8;-379.0;776.0;776.0;282.0714285714263;210.0;15
2022.02.23 11:36;WIN$;100>161;PREVDAY;UP;1.0;160549.0;616.0;1018.0;-126.8;-634.0;272.0;0.0;375.14285714285484;160.0;9
2022.02.23 13:31;WIN$;74>_11;PREVDAY;UP;1.0;159941.0;435.0;1312.0;148.0;740.0;272.0;0.0;411.3571428571406;224.0;11
2022.02.24 09:50;WIN$;61>161;GAP;DOWN;1.0;155083.0;804.0;3902.0;18.2;91.0;2041.0;2041.0;657.3571428571405;608.0;9
2022.02.24 13:01;WIN$;61>161;GAP;DOWN;1.0;155426.0;363.0;4245.0;-75.4;-377.0;2041.0;2041.0;652.7142857142834;223.0;12
2022.02.25 09:55;WIN$;100>161;GAP;DOWN;1.0;156382.0;470.0;628.0;-97.2;-486.0;112.0;112.0;561.9285714285691;371.0;9
2022.02.25 11:47;WIN$;61>161;GAP;DOWN;1.0;156642.0;741.0;888.0;-152.6;-763.0;112.0;112.0;490.57142857142617;615.0;11
2022.03.02 18:20;WIN$;61>161;GAP;UP;1.0;162241.0;1308.0;1964.0;140.0;700.0;986.0;986.0;518.9285714285691;1083.0;13
2022.03.03 10:49;WIN$;100>161;PREVDAY;UP;1.0;163221.0;498.0;1257.0;18.0;90.0;216.0;0.0;292.57142857142617;272.0;10
2022.03.03 14:28;WIN$;100>161;PREVDAY;UP;1.0;163164.0;266.0;1314.0;-56.2;-281.0;216.0;0.0;333.2142857142833;119.0;13
2022.03.03 18:08;WIN$;74>_11;PREVDAY;UP;1.0;162521.0;421.0;1793.0;-87.0;-435.0;216.0;0.0;277.6428571428547;308.0;17
2022.03.04 10:32;WIN$;61>161;GAP;DOWN;1.0;162206.0;253.0;1184.0;-53.4;-267.0;602.0;602.0;370.42857142856906;168.0;10
2022.03.04 12:07;WIN$;161>_200;GAP;DOWN;1.0;161061.0;394.0;4563.0;-80.0;-400.0;602.0;602.0;462.14285714285484;70.0;12
2022.03.07 13:44;WIN$;61>161;GAP;DOWN;1.0;160731.0;651.0;1121.0;225.8;1129.0;245.0;245.0;421.57142857142617;455.0;11
2022.03.08 10:46;WIN$;61>161;GAP;UP;1.0;158656.0;1093.0;1444.0;-218.6;-1093.0;972.0;972.0;497.57142857142617;1035.0;9
2022.03.08 11:06;WIN$;74>_11;GAP;UP;1.0;157564.0;861.0;1483.0;-77.0;-385.0;972.0;972.0;594.4999999999976;426.0;10
2022.03.08 11:31;WIN$;61>161;GAP;UP;1.0;157998.0;435.0;2102.0;-91.0;-455.0;972.0;972.0;581.8571428571405;286.0;11
2022.03.09 10:44;WIN$;74>_11;GAP;UP;1.0;158298.0;819.0;1975.0;66.6;333.0;1181.0;1181.0;604.785714285712;259.0;9
2022.03.09 17:01;WIN$;61>161;GAP;UP;1.0;158348.0;415.0;2236.0;447.2;2236.0;1181.0;1181.0;557.8571428571405;336.0;11
2022.03.09 18:13;WIN$;161>_200;GAP;UP;1.0;160570.0;148.0;8865.0;-32.0;-160.0;1181.0;1181.0;317.2857142857119;21.0;18
2022.03.10 10:05;WIN$;100>161;GAP;DOWN;1.0;159145.0;455.0;837.0;-91.2;-456.0;671.0;671.0;372.6428571428547;413.0;9
2022.03.10 14:10;WIN$;161>_200;GAP;DOWN;1.0;158796.0;807.0;5102.0;14.8;74.0;671.0;671.0;642.7142857142834;706.0;12
2022.03.10 16:56;WIN$;61>161;GAP;DOWN;1.0;159725.0;357.0;1417.0;-71.6;-358.0;671.0;671.0;322.1428571428547;203.0;16
2022.03.11 10:27;WIN$;61>161;GAP;UP;1.0;161110.0;387.0;1947.0;-81.8;-409.0;1028.0;1028.0;461.7142857142833;224.0;10
2022.03.14 11:08;WIN$;100>161;PREVDAY;DOWN;1.0;156571.0;798.0;2862.0;19.8;99.0;455.0;0.0;650.4285714285691;545.0;10
2022.03.15 11:08;WIN$;100>161;PREVDAY;DOWN;1.0;154250.0;938.0;2138.0;427.4;2137.0;336.0;0.0;431.2142857142833;804.0;9
2022.03.16 10:09;WIN$;74>_11;GAP;UP;1.0;155180.0;525.0;2092.0;1.2;6.0;1769.0;1769.0;524.928571428569;461.0;9
2022.03.16 12:04;WIN$;61>161;GAP;UP;1.0;155446.0;764.0;1987.0;18.2;91.0;1769.0;1769.0;517.9999999999975;552.0;10
2022.03.16 14:31;WIN$;74>_11;GAP;UP;1.0;155228.0;240.0;2140.0;19.8;99.0;1769.0;1769.0;404.92857142856894;182.0;14
2022.03.16 15:01;WIN$;61>161;GAP;UP;1.0;155128.0;572.0;2305.0;-115.4;-577.0;1769.0;1769.0;464.64285714285467;350.0;14
2022.03.17 09:25;WIN$;74>_11;PREVDAY;UP;1.0;156124.0;693.0;2926.0;-138.8;-694.0;308.0;0.0;664.428571428569;503.0;9
2022.03.17 10:30;WIN$;100>161;PREVDAY;UP;1.0;157111.0;590.0;2107.0;11.6;58.0;308.0;0.0;620.8571428571404;475.0;10
2022.03.17 16:03;WIN$;100>161;PREVDAY;UP;1.0;157305.0;847.0;1913.0;386.0;1930.0;308.0;0.0;722.7857142857118;706.0;12
2022.03.21 10:45;WIN$;100>161;PREVDAY;UP;1.0;163010.0;1217.0;1952.0;14.4;72.0;251.0;0.0;431.6428571428547;874.0;10
2022.03.22 10:16;WIN$;100>161;PREVDAY;UP;1.0;163934.0;463.0;1182.0;238.4;1192.0;258.0;0.0;366.71428571428316;251.0;9
2022.03.22 13:05;WIN$;161>_200;PREVDAY;UP;1.0;165018.0;308.0;7565.0;19.6;98.0;258.0;0.0;372.71428571428316;126.0;11
2022.03.24 12:20;WIN$;61>161;PREVDAY;UP;1.0;165913.0;932.0;1547.0;315.8;1579.0;398.0;0.0;363.07142857142605;517.0;11
2022.03.24 14:01;WIN$;161>_200;PREVDAY;UP;1.0;167267.0;436.0;6536.0;-31.2;-156.0;398.0;0.0;455.1428571428546;371.0;13
2022.03.25 10:40;WIN$;100>161;PREVDAY;UP;1.0;167865.0;353.0;1871.0;-70.6;-353.0;175.0;0.0;306.8571428571403;280.0;9
2022.03.25 14:36;WIN$;74>_11;PREVDAY;UP;1.0;166967.0;806.0;2670.0;-91.2;-456.0;175.0;0.0;500.8571428571404;664.0;12
2022.03.28 15:52;WIN$;61>161;PREVDAY;DOWN;1.0;167171.0;455.0;1785.0;13.8;69.0;259.0;0.0;371.4999999999975;259.0;10
2022.03.28 16:56;WIN$;61>161;PREVDAY;DOWN;1.0;166961.0;448.0;1575.0;17.0;85.0;259.0;0.0;313.928571428569;384.0;16
2022.03.29 09:00;WIN$;100>161;PREVDAY;DOWN;1.0;166874.0;486.0;1488.0;-241.2;-1206.0;259.0;0.0;395.7142857142833;609.0;16
2022.03.29 09:55;WIN$;61>161;GAP;UP;1.0;168933.0;1218.0;1394.0;20.0;100.0;706.0;706.0;528.0714285714262;860.0;9
2022.03.29 13:20;WIN$;61>161;GAP;UP;1.0;168689.0;744.0;1638.0;-154.0;-770.0;706.0;706.0;633.7857142857118;532.0;11
2022.03.29 16:13;WIN$;74>_11;GAP;UP;1.0;168422.0;246.0;1857.0;-51.4;-257.0;706.0;706.0;283.07142857142605;175.0;16
2022.03.30 10:07;WIN$;61>161;PREVDAY;UP;1.0;169058.0;253.0;1896.0;-50.6;-253.0;287.0;0.0;348.071428571426;175.0;9
2022.03.31 09:31;WIN$;74>_11;PREVDAY;UP;1.0;168918.0;225.0;1152.0;-47.8;-239.0;308.0;0.0;335.85714285714033;91.0;9
2022.03.31 11:25;WIN$;100>161;PREVDAY;UP;1.0;169409.0;680.0;820.0;-136.6;-683.0;308.0;0.0;364.9285714285689;399.0;10
2022.03.31 11:49;WIN$;74>_11;PREVDAY;UP;1.0;168726.0;676.0;960.0;-57.6;-288.0;308.0;0.0;382.7857142857117;434.0;11
2022.03.31 12:20;WIN$;61>161;PREVDAY;UP;1.0;169013.0;347.0;1216.0;-77.2;-386.0;308.0;0.0;385.7857142857117;34.0;11
2022.04.01 10:22;WIN$;61>161;GAP;UP;1.0;169779.0;932.0;986.0;18.0;90.0;335.0;335.0;396.07142857142594;860.0;9
2022.04.01 13:12;WIN$;100>161;GAP;UP;1.0;169871.0;345.0;894.0;17.8;89.0;335.0;335.0;454.57142857142594;608.0;10
2022.04.01 16:56;WIN$;100>161;GAP;UP;1.0;170011.0;269.0;754.0;150.8;754.0;335.0;335.0;221.92857142856872;182.0;14
2022.04.04 09:43;WIN$;74>_11;PREVDAY;UP;1.0;170198.0;868.0;1539.0;-17.0;-85.0;189.0;0.0;331.6428571428545;727.0;9
2022.04.04 10:24;WIN$;61>161;PREVDAY;UP;1.0;170214.0;318.0;1942.0;-63.6;-318.0;189.0;0.0;336.1428571428545;245.0;9
2022.04.05 10:02;WIN$;100>161;PREVDAY;DOWN;1.0;169191.0;749.0;1037.0;-151.2;-756.0;182.0;0.0;256.78571428571183;629.0;9
2022.04.05 10:42;WIN$;61>161;PREVDAY;DOWN;1.0;169702.0;371.0;1548.0;-74.4;-372.0;182.0;0.0;306.7142857142833;301.0;10
2022.04.05 13:25;WIN$;161>_200;PREVDAY;DOWN;1.0;168199.0;330.0;6355.0;-66.0;-330.0;182.0;0.0;546.4285714285691;133.0;12
2022.04.06 11:23;WIN$;61>161;GAP;DOWN;1.0;165248.0;966.0;1103.0;19.4;97.0;426.0;426.0;537.4285714285691;818.0;10
2022.04.06 12:40;WIN$;100>161;GAP;DOWN;1.0;165010.0;435.0;865.0;-91.0;-455.0;426.0;426.0;616.785714285712;147.0;12
2022.04.06 17:54;WIN$;161>_200;GAP;DOWN;1.0;164171.0;735.0;5817.0;208.4;1042.0;426.0;426.0;531.5714285714263;77.0;15
2022.04.08 14:50;WIN$;61>161;PREVDAY;UP;1.0;166039.0;576.0;2613.0;-118.2;-591.0;210.0;0.0;473.92857142856906;280.0;12
2022.04.11 10:48;WIN$;100>161;GAP;DOWN;1.0;164017.0;351.0;757.0;-71.6;-358.0;553.0;553.0;389.7142857142834;231.0;9
2022.04.12 12:31;WIN$;161>_200;GAP;UP;1.0;165206.0;295.0;4049.0;89.4;447.0;356.0;356.0;469.4999999999976;133.0;10
2022.04.12 15:10;WIN$;74>_11;GAP;UP;1.0;164247.0;275.0;945.0;193.0;965.0;356.0;356.0;374.8571428571405;161.0;13
2022.04.13 15:25;WIN$;61>161;PREVDAY;DOWN;1.0;163613.0;319.0;3498.0;18.8;94.0;280.0;0.0;391.2857142857119;186.0;14
2022.04.19 12:50;WIN$;61>161;GAP;DOWN;1.0;163504.0;304.0;3389.0;679.6;3398.0;171.0;171.0;409.4999999999976;144.0;16
2022.04.19 17:01;WIN$;161>_200;GAP;DOWN;1.0;160598.0;353.0;2887.0;45.4;227.0;171.0;171.0;268.64285714285467;288.0;16
2022.04.20 11:18;WIN$;61>161;PREVDAY;DOWN;1.0;159909.0;587.0;1476.0;19.6;98.0;206.0;0.0;364.28571428571183;529.0;10
2022.04.22 09:03;WIN$;100>161;PREVDAY;DOWN;1.0;159243.0;621.0;810.0;374.8;1874.0;206.0;0.0;399.49999999999756;550.0;12
2022.04.22 15:51;WIN$;100>161;GAP;DOWN;1.0;156014.0;895.0;1234.0;246.6;1233.0;1539.0;1539.0;573.214285714283;735.0;11
2022.04.25 09:02;WIN$;161>_200;GAP;DOWN;1.0;154826.0;278.0;10595.0;-361.6;-1808.0;1539.0;1539.0;388.4285714285688;62.0;17
2022.04.25 13:25;WIN$;100>161;GAP;DOWN;1.0;152454.0;916.0;1380.0;-186.0;-930.0;1635.0;1635.0;614.0714285714259;694.0;12
2022.04.26 10:19;WIN$;61>161;GAP;DOWN;1.0;153731.0;388.0;834.0;18.8;94.0;289.0;289.0;455.8571428571403;316.0;9
2022.04.28 10:14;WIN$;61>161;GAP;UP;1.0;153087.0;1418.0;2102.0;10.8;54.0;1058.0;1058.0;540.5714285714259;1209.0;9
2022.04.28 16:31;WIN$;61>161;GAP;UP;1.0;153513.0;477.0;1885.0;16.0;80.0;1058.0;1058.0;311.7142857142831;350.0;15
2022.04.29 16:32;WIN$;61>161;PREVDAY;DOWN;1.0;152295.0;1096.0;2319.0;13.0;65.0;522.0;0.0;406.9285714285689;1017.0;16
2022.04.29 16:56;WIN$;100>161;PREVDAY;DOWN;1.0;151231.0;1232.0;1255.0;250.8;1254.0;522.0;0.0;508.571428571426;756.0;16
2022.05.02 16:32;WIN$;100>161;PREVDAY;DOWN;1.0;148247.0;2017.0;3455.0;19.8;99.0;756.0;0.0;862.3571428571403;1821.0;10
2022.05.03 15:52;WIN$;61>161;PREVDAY;DOWN;1.0;147685.0;449.0;3894.0;-95.0;-475.0;323.0;0.0;389.42857142856855;392.0;15
2022.05.04 10:51;WIN$;61>161;PREVDAY;DOWN;1.0;147747.0;874.0;1277.0;258.2;1291.0;158.0;0.0;464.9285714285685;652.0;9
2022.05.04 14:48;WIN$;161>_200;PREVDAY;DOWN;1.0;146558.0;373.0;5903.0;16.4;82.0;158.0;0.0;307.42857142856855;234.0;13
2022.05.05 10:34;WIN$;100>161;GAP;DOWN;1.0;149086.0;388.0;1204.0;242.4;1212.0;763.0;763.0;853.4999999999972;323.0;9
2022.05.06 11:18;WIN$;61>161;PREVDAY;DOWN;1.0;146365.0;793.0;5524.0;9.4;47.0;164.0;0.0;659.2142857142829;570.0;10
2022.05.06 14:28;WIN$;61>161;PREVDAY;DOWN;1.0;146529.0;587.0;5688.0;19.8;99.0;164.0;0.0;823.0714285714256;475.0;13
2022.05.06 16:37;WIN$;61>161;PREVDAY;DOWN;1.0;146429.0;674.0;5588.0;19.8;99.0;164.0;0.0;699.35714285714;385.0;14
2022.05.09 10:08;WIN$;100>161;GAP;DOWN;1.0;143342.0;813.0;1615.0;-166.0;-830.0;1532.0;1532.0;646.4999999999972;714.0;9
2022.05.09 10:53;WIN$;61>161;GAP;DOWN;1.0;144132.0;456.0;2405.0;19.0;95.0;1532.0;1532.0;678.85714285714;399.0;10
2022.05.09 12:42;WIN$;100>161;GAP;DOWN;1.0;143225.0;552.0;1498.0;-115.6;-578.0;1532.0;1532.0;712.2857142857115;433.0;11
2022.05.09 15:18;WIN$;61>161;GAP;DOWN;1.0;144242.0;394.0;2515.0;14.8;74.0;1532.0;1532.0;532.2142857142827;330.0;14
2022.05.10 10:23;WIN$;61>161;GAP;UP;1.0;144422.0;340.0;906.0;-70.4;-352.0;89.0;89.0;401.0714285714256;193.0;10
2022.05.11 09:30;WIN$;100>161;GAP;UP;1.0;144943.0;662.0;684.0;-148.4;-742.0;728.0;728.0;477.14285714285404;529.0;9
2022.05.11 15:25;WIN$;161>_200;GAP;UP;1.0;145611.0;509.0;5078.0;113.8;569.0;728.0;728.0;528.5714285714254;130.0;13
2022.05.12 09:00;WIN$;100>161;GAP;UP;1.0;144951.0;395.0;676.0;-276.4;-1382.0;728.0;728.0;455.57142857142543;302.0;17
2022.05.13 17:23;WIN$;61>161;GAP;UP;1.0;148194.0;703.0;1557.0;20.0;100.0;419.0;419.0;444.7142857142825;652.0;10
2022.05.17 10:19;WIN$;100>161;GAP;UP;1.0;151982.0;567.0;805.0;-114.4;-572.0;783.0;783.0;374.0714285714258;426.0;9
2022.05.17 13:04;WIN$;61>161;GAP;UP;1.0;151128.0;188.0;1659.0;-37.6;-188.0;783.0;783.0;396.4999999999974;117.0;13
2022.05.18 11:29;WIN$;61>161;GAP;DOWN;1.0;149980.0;593.0;829.0;169.2;846.0;413.0;413.0;349.7142857142833;495.0;10
2022.05.18 12:10;WIN$;161>_200;GAP;DOWN;1.0;149176.0;208.0;4671.0;-46.6;-233.0;413.0;413.0;453.49999999999756;96.0;12
2022.05.19 15:38;WIN$;61>161;PREVDAY;DOWN;1.0;148180.0;483.0;4046.0;-97.8;-489.0;227.0;0.0;466.71428571428316;412.0;15
2022.05.20 09:55;WIN$;100>161;GAP;UP;1.0;149925.0;222.0;1200.0;17.8;89.0;804.0;804.0;394.1428571428546;75.0;9
2022.05.20 14:46;WIN$;74>_11;GAP;UP;1.0;149376.0;441.0;1662.0;19.8;99.0;804.0;804.0;482.14285714285455;97.0;12
2022.05.20 16:08;WIN$;61>161;GAP;UP;1.0;149328.0;394.0;1797.0;19.2;96.0;804.0;804.0;405.928571428569;199.0;15
2022.05.20 16:34;WIN$;74>_11;GAP;UP;1.0;149397.0;530.0;1683.0;-108.4;-542.0;804.0;804.0;408.928571428569;247.0;16
2022.05.23 09:00;WIN$;100>161;GAP;UP;1.0;150298.0;801.0;827.0;190.6;953.0;804.0;804.0;447.1428571428547;604.0;16
2022.05.23 11:00;WIN$;61>161;GAP;UP;1.0;151673.0;540.0;1328.0;-109.8;-549.0;433.0;433.0;502.7142857142833;420.0;9
2022.05.23 14:52;WIN$;100>161;GAP;UP;1.0;152298.0;533.0;703.0;140.6;703.0;433.0;433.0;495.21428571428345;385.0;11
2022.05.23 15:44;WIN$;161>_200;GAP;UP;1.0;152949.0;222.0;5842.0;-45.4;-227.0;433.0;433.0;240.5714285714263;89.0;15
2022.05.24 12:01;WIN$;100>161;GAP;DOWN;1.0;150523.0;703.0;1206.0;19.8;99.0;1333.0;1333.0;557.7142857142837;646.0;11
2022.05.24 14:46;WIN$;100>161;GAP;DOWN;1.0;150744.0;585.0;1427.0;-120.2;-601.0;1333.0;1333.0;553.1428571428551;419.0;13
2022.05.24 16:23;WIN$;61>161;GAP;DOWN;1.0;151416.0;504.0;2099.0;-101.0;-505.0;1333.0;1333.0;484.3571428571407;413.0;15
2022.05.25 10:34;WIN$;100>161;GAP;DOWN;1.0;151595.0;634.0;723.0;-128.4;-642.0;680.0;680.0;505.2142857142835;378.0;10
2022.05.25 15:02;WIN$;61>161;GAP;DOWN;1.0;152269.0;531.0;1397.0;-106.4;-532.0;680.0;680.0;450.99999999999784;426.0;13
2022.05.26 15:17;WIN$;161>_200;GAP;UP;1.0;154631.0;244.0;5008.0;14.2;71.0;378.0;378.0;212.2142857142834;69.0;14
2022.05.27 09:24;WIN$;161>_200;GAP;DOWN;1.0;154592.0;269.0;4969.0;19.8;99.0;185.0;185.0;224.21428571428333;200.0;17
2022.05.27 09:24;WIN$;61>161;GAP;DOWN;1.0;154492.0;5.0;1218.0;-6.4;-32.0;185.0;185.0;300.49999999999767;110.0;9
2022.05.30 11:16;WIN$;74>_11;GAP;UP;1.0;155616.0;310.0;1225.0;244.8;1224.0;817.0;817.0;325.928571428569;227.0;10
2022.05.31 11:19;WIN$;61>161;PREVDAY;DOWN;1.0;153897.0;511.0;3605.0;-104.6;-523.0;570.0;0.0;374.4999999999977;289.0;10
2022.06.01 10:03;WIN$;61>161;PREVDAY;UP;1.0;154049.0;346.0;1647.0;-69.2;-346.0;151.0;0.0;393.7142857142834;233.0;9
2022.06.01 13:32;WIN$;74>_11;PREVDAY;UP;1.0;153884.0;345.0;1349.0;18.8;94.0;151.0;0.0;507.9285714285692;268.0;12
2022.06.01 16:55;WIN$;61>161;PREVDAY;UP;1.0;154036.0;326.0;1660.0;-66.2;-331.0;151.0;0.0;469.57142857142645;262.0;14
2022.06.02 09:00;WIN$;74>_11;PREVDAY;UP;1.0;153705.0;545.0;1170.0;-100.4;-502.0;151.0;0.0;310.9999999999978;179.0;16
2022.06.03 10:05;WIN$;100>161;GAP;DOWN;1.0;153677.0;566.0;830.0;-114.8;-574.0;536.0;536.0;342.6428571428549;261.0;9
2022.06.06 10:36;WIN$;74>_11;GAP;UP;1.0;154496.0;496.0;1244.0;47.2;236.0;838.0;838.0;330.78571428571206;213.0;9
2022.06.07 10:11;WIN$;61>161;GAP;DOWN;1.0;151375.0;531.0;1012.0;19.8;99.0;69.0;69.0;312.57142857142634;481.0;9
2022.06.07 10:30;WIN$;100>161;GAP;DOWN;1.0;151275.0;212.0;912.0;17.2;86.0;69.0;69.0;379.57142857142634;440.0;10
2022.06.07 11:41;WIN$;61>161;GAP;DOWN;1.0;151232.0;551.0;869.0;-110.4;-552.0;69.0;69.0;505.9999999999978;302.0;11
2022.06.10 10:18;WIN$;100>161;PREVDAY;DOWN;1.0;146730.0;1060.0;1392.0;278.2;1391.0;199.0;0.0;452.14285714285535;962.0;9
2022.06.10 15:00;WIN$;161>_200;PREVDAY;DOWN;1.0;145782.0;614.0;10920.0;-105.0;-525.0;199.0;0.0;632.1428571428555;549.0;13
2022.06.13 12:23;WIN$;100>161;GAP;DOWN;1.0;141582.0;1061.0;2018.0;19.6;98.0;2316.0;2316.0;695.071428571427;543.0;10
2022.06.13 17:09;WIN$;100>161;GAP;DOWN;1.0;141396.0;525.0;1832.0;17.4;87.0;2316.0;2316.0;566.5714285714272;357.0;14
2022.06.14 10:55;WIN$;61>161;PREVDAY;DOWN;1.0;140914.0;581.0;2997.0;-121.6;-608.0;336.0;0.0;525.7857142857127;440.0;10
2022.06.14 16:32;WIN$;100>161;PREVDAY;DOWN;1.0;139589.0;656.0;1672.0;-131.4;-657.0;336.0;0.0;396.7857142857129;529.0;16
2022.06.15 10:40;WIN$;161>_200;GAP;UP;1.0;141577.0;649.0;3735.0;-132.0;-660.0;50.0;50.0;530.785714285713;565.0;10
2022.06.15 14:09;WIN$;74>_11;GAP;UP;1.0;140828.0;650.0;863.0;-40.0;-200.0;50.0;50.0;448.6428571428558;478.0;13
2022.06.15 15:00;WIN$;61>161;GAP;UP;1.0;141053.0;489.0;870.0;5.0;25.0;50.0;50.0;395.1428571428558;417.0;14
2022.06.17 10:15;WIN$;161>_200;GAP;DOWN;1.0;141805.0;1168.0;3963.0;792.4;3962.0;1905.0;1905.0;748.4285714285702;740.0;16
2022.06.20 10:12;WIN$;161>_200;PREVDAY;DOWN;1.0;137254.0;1194.0;10309.0;-198.4;-992.0;431.0;0.0;504.9285714285705;1097.0;16
2022.06.20 11:45;WIN$;61>161;PREVDAY;DOWN;1.0;136260.0;600.0;3732.0;16.4;82.0;431.0;0.0;518.4999999999991;330.0;10
2022.06.21 10:13;WIN$;61>161;GAP;UP;1.0;137768.0;227.0;1350.0;20.0;100.0;767.0;767.0;323.99999999999915;68.0;10
2022.06.22 10:56;WIN$;100>161;GAP;DOWN;1.0;134656.0;702.0;1831.0;-141.4;-707.0;1724.0;1724.0;631.3571428571421;558.0;10
2022.06.23 10:39;WIN$;61>161;PREVDAY;UP;1.0;136897.0;669.0;2720.0;-133.8;-669.0;525.0;0.0;412.57142857142736;593.0;10
2022.06.24 10:10;WIN$;100>161;GAP;UP;1.0;135707.0;543.0;638.0;-109.4;-547.0;343.0;343.0;474.71428571428453;472.0;9
2022.06.24 12:16;WIN$;61>161;GAP;UP;1.0;134853.0;840.0;1492.0;17.8;89.0;343.0;343.0;575.7857142857131;465.0;11
2022.06.24 15:45;WIN$;61>161;GAP;UP;1.0;134873.0;375.0;1472.0;20.0;100.0;343.0;343.0;549.2142857142845;297.0;13
2022.06.24 16:25;WIN$;74>_11;GAP;UP;1.0;134838.0;271.0;1462.0;-56.6;-283.0;343.0;343.0;327.9285714285703;161.0;16
2022.06.24 17:09;WIN$;100>161;GAP;UP;1.0;135350.0;354.0;995.0;-72.4;-362.0;343.0;343.0;317.8571428571417;276.0;17
2022.06.27 10:03;WIN$;74>_11;GAP;UP;1.0;135982.0;460.0;1110.0;-15.0;-75.0;169.0;169.0;370.28571428571314;161.0;9
2022.06.28 10:43;WIN$;61>161;GAP;UP;1.0;139361.0;467.0;1468.0;13.6;68.0;464.0;464.0;406.78571428571314;209.0;10
2022.06.29 10:52;WIN$;61>161;PREVDAY;DOWN;1.0;137870.0;579.0;3253.0;17.2;86.0;364.0;0.0;446.35714285714175;289.0;10
2022.06.29 12:35;WIN$;100>161;PREVDAY;DOWN;1.0;136573.0;671.0;1956.0;19.8;99.0;364.0;0.0;651.2142857142845;519.0;12
2022.06.30 10:15;WIN$;100>161;GAP;DOWN;1.0;133992.0;558.0;773.0;19.8;99.0;660.0;660.0;456.85714285714175;383.0;9
2022.06.30 16:26;WIN$;61>161;GAP;DOWN;1.0;134939.0;709.0;1720.0;18.2;91.0;660.0;660.0;489.57142857142765;552.0;14
2022.07.01 09:12;WIN$;100>161;GAP;DOWN;1.0;134144.0;514.0;925.0;187.2;936.0;660.0;660.0;431.92857142857054;418.0;17
2022.07.01 10:33;WIN$;100>161;PREVDAY;DOWN;1.0;133370.0;689.0;1312.0;-138.0;-690.0;377.0;0.0;437.71428571428476;256.0;9
2022.07.04 12:38;WIN$;61>161;PREVDAY;UP;1.0;134864.0;710.0;2580.0;20.0;100.0;363.0;0.0;411.49999999999903;471.0;10
2022.07.04 17:00;WIN$;74>_11;PREVDAY;UP;1.0;134864.0;144.0;2493.0;71.2;356.0;363.0;0.0;190.0714285714275;27.0;16
2022.07.05 11:36;WIN$;61>161;GAP;DOWN;1.0;133013.0;575.0;1166.0;19.8;99.0;444.0;444.0;305.3571428571418;478.0;9
2022.07.05 13:44;WIN$;161>_200;GAP;DOWN;1.0;132051.0;489.0;5397.0;20.0;100.0;444.0;444.0;508.85714285714175;336.0;12
2022.07.06 09:48;WIN$;61>161;GAP;DOWN;1.0;133160.0;522.0;793.0;-106.2;-531.0;114.0;114.0;429.0714285714276;336.0;9
2022.07.07 10:37;WIN$;100>161;GAP;UP;1.0;136313.0;408.0;1026.0;205.8;1029.0;646.0;646.0;452.4285714285702;202.0;9
2022.07.07 11:36;WIN$;161>_200;GAP;UP;1.0;137336.0;244.0;6133.0;-49.0;-245.0;646.0;646.0;445.6428571428559;121.0;11
2022.07.08 09:30;WIN$;61>161;PREVDAY;UP;1.0;137450.0;320.0;2690.0;-74.2;-371.0;370.0;0.0;358.71428571428453;202.0;9
2022.07.11 10:57;WIN$;100>161;GAP;DOWN;1.0;134723.0;487.0;715.0;19.8;99.0;936.0;936.0;359.21428571428436;329.0;9
2022.07.11 13:01;WIN$;161>_200;GAP;DOWN;1.0;134434.0;515.0;5688.0;-13.2;-66.0;936.0;936.0;498.78571428571297;431.0;11
2022.07.12 09:36;WIN$;61>161;GAP;DOWN;1.0;133201.0;239.0;770.0;-48.0;-240.0;215.0;215.0;282.7857142857128;41.0;9
2022.07.13 12:25;WIN$;61>161;PREVDAY;UP;1.0;134111.0;1000.0;1605.0;17.2;86.0;330.0;0.0;684.8571428571412;788.0;11
2022.07.13 14:03;WIN$;74>_11;PREVDAY;UP;1.0;133734.0;608.0;1641.0;-122.6;-613.0;330.0;0.0;597.2857142857125;485.0;13
2022.07.14 10:24;WIN$;100>161;GAP;DOWN;1.0;131442.0;557.0;608.0;122.0;610.0;639.0;639.0;382.35714285714107;464.0;9
2022.07.14 13:25;WIN$;161>_200;GAP;DOWN;1.0;130968.0;517.0;4812.0;-105.6;-528.0;639.0;639.0;424.6428571428552;371.0;12
2022.07.15 09:53;WIN$;61>161;PREVDAY;DOWN;1.0;130475.0;453.0;2022.0;-93.0;-465.0;343.0;0.0;304.2857142857123;283.0;9
2022.07.15 11:00;WIN$;100>161;PREVDAY;DOWN;1.0;129673.0;313.0;1220.0;-62.8;-314.0;343.0;0.0;445.35714285714084;189.0;11
2022.07.15 12:04;WIN$;61>161;PREVDAY;DOWN;1.0;130704.0;527.0;2251.0;-105.6;-528.0;343.0;0.0;523.7857142857123;34.0;11
2022.07.18 14:49;WIN$;61>161;GAP;UP;1.0;132319.0;138.0;1476.0;20.0;100.0;606.0;606.0;303.9285714285694;20.0;9
2022.07.19 10:53;WIN$;61>161;GAP;UP;1.0;132137.0;252.0;1056.0;17.2;86.0;344.0;344.0;386.9999999999979;168.0;9
2022.07.19 11:06;WIN$;61>161;GAP;UP;1.0;132223.0;284.0;970.0;-57.2;-286.0;344.0;344.0;487.2142857142836;667.0;10
2022.07.19 14:03;WIN$;100>161;GAP;UP;1.0;132535.0;333.0;658.0;131.6;658.0;344.0;344.0;539.999999999998;236.0;12
2022.07.19 15:31;WIN$;161>_200;GAP;UP;1.0;133128.0;264.0;4027.0;-53.0;-265.0;344.0;344.0;255.71428571428362;67.0;15
2022.07.20 10:36;WIN$;100>161;GAP;DOWN;1.0;132844.0;380.0;486.0;-79.6;-398.0;505.0;505.0;338.57142857142645;262.0;9
2022.07.20 12:17;WIN$;161>_200;GAP;DOWN;1.0;132550.0;456.0;3560.0;51.6;258.0;505.0;505.0;421.71428571428356;343.0;11
2022.07.20 12:47;WIN$;100>161;GAP;DOWN;1.0;132808.0;329.0;450.0;-66.0;-330.0;505.0;505.0;444.57142857142645;101.0;12
2022.07.20 13:35;WIN$;61>161;GAP;DOWN;1.0;133302.0;265.0;944.0;-56.0;-280.0;505.0;505.0;383.2857142857122;188.0;13
2022.07.21 10:24;WIN$;100>161;GAP;DOWN;1.0;132508.0;359.0;572.0;117.0;585.0;108.0;108.0;279.3571428571406;60.0;9
2022.07.22 10:53;WIN$;161>_200;PREVDAY;UP;1.0;132306.0;670.0;3016.0;459.8;2299.0;175.0;0.0;459.7142857142835;559.0;11
2022.07.22 12:16;WIN$;100>161;PREVDAY;UP;1.0;134683.0;562.0;1567.0;18.6;93.0;175.0;0.0;321.64285714285495;249.0;11
2022.07.22 16:19;WIN$;74>_11;PREVDAY;UP;1.0;133598.0;495.0;2245.0;-99.8;-499.0;175.0;0.0;324.2142857142835;431.0;15
2022.07.25 10:35;WIN$;100>161;GAP;UP;1.0;135572.0;394.0;633.0;-81.6;-408.0;545.0;545.0;317.8571428571406;263.0;10
2022.07.25 16:50;WIN$;161>_200;GAP;UP;1.0;136028.0;347.0;3966.0;7.2;36.0;545.0;545.0;242.78571428571215;276.0;16
2022.07.26 10:15;WIN$;100>161;PREVDAY;UP;1.0;136439.0;285.0;723.0;-59.2;-296.0;370.0;0.0;254.35714285714067;169.0;10
2022.07.27 10:07;WIN$;74>_11;GAP;UP;1.0;135785.0;307.0;631.0;-65.2;-326.0;175.0;175.0;241.35714285714067;255.0;9
2022.07.27 10:38;WIN$;100>161;GAP;UP;1.0;136063.0;232.0;470.0;-50.4;-252.0;175.0;175.0;238.49999999999778;148.0;10
2022.07.27 11:04;WIN$;74>_11;GAP;UP;1.0;135839.0;368.0;685.0;-32.8;-164.0;175.0;175.0;254.42857142856926;222.0;10
2022.07.27 11:26;WIN$;61>161;GAP;UP;1.0;135755.0;207.0;778.0;-43.6;-218.0;175.0;175.0;281.8571428571407;61.0;11
2022.07.27 15:03;WIN$;100>161;GAP;UP;1.0;136233.0;261.0;300.0;64.2;321.0;175.0;175.0;328.49999999999784;202.0;12
2022.07.28 10:06;WIN$;61>161;GAP;DOWN;1.0;137300.0;502.0;530.0;-100.6;-503.0;61.0;61.0;426.2142857142837;377.0;9
2022.07.28 11:52;WIN$;100>161;GAP;DOWN;1.0;137241.0;285.0;471.0;-58.0;-290.0;61.0;61.0;386.0714285714265;87.0;11
2022.07.29 10:12;WIN$;100>161;PREVDAY;UP;1.0;139605.0;428.0;1529.0;-85.6;-428.0;175.0;0.0;259.999999999998;317.0;9
2022.08.01 11:05;WIN$;61>161;PREVDAY;DOWN;1.0;139509.0;354.0;1832.0;14.4;72.0;256.0;0.0;286.21428571428356;303.0;9
2022.08.01 11:50;WIN$;100>161;PREVDAY;DOWN;1.0;138702.0;986.0;1025.0;-202.2;-1011.0;256.0;0.0;449.642857142855;896.0;11
2022.08.02 09:00;WIN$;61>161;PREVDAY;DOWN;1.0;139570.0;266.0;1893.0;378.4;1892.0;256.0;0.0;534.8571428571407;142.0;12
2022.08.02 09:32;WIN$;61>161;GAP;DOWN;1.0;137733.0;244.0;894.0;-49.8;-249.0;310.0;310.0;328.2857142857121;188.0;9
2022.08.03 12:13;WIN$;74>_11;PREVDAY;UP;1.0;139590.0;441.0;2455.0;19.4;97.0;189.0;0.0;339.0714285714263;377.0;11
2022.08.04 10:48;WIN$;100>161;PREVDAY;UP;1.0;140440.0;247.0;1710.0;345.8;1729.0;142.0;0.0;219.285714285712;128.0;16
2022.08.05 10:39;WIN$;74>_11;PREVDAY;UP;1.0;143293.0;1000.0;3508.0;17.2;86.0;431.0;0.0;361.7857142857118;930.0;9
2022.08.05 15:29;WIN$;61>161;PREVDAY;UP;1.0;143314.0;804.0;3601.0;16.8;84.0;431.0;0.0;477.1428571428546;694.0;10
2022.08.05 17:47;WIN$;74>_11;PREVDAY;UP;1.0;143315.0;688.0;3530.0;-137.8;-689.0;431.0;0.0;396.64285714285484;417.0;15
2022.08.08 10:41;WIN$;61>161;GAP;UP;1.0;144957.0;717.0;847.0;172.6;863.0;256.0;256.0;385.71428571428345;532.0;9
2022.08.08 12:13;WIN$;161>_200;GAP;UP;1.0;145590.0;500.0;4511.0;-101.6;-508.0;256.0;256.0;418.285714285712;418.0;11
2022.08.09 10:26;WIN$;100>161;PREVDAY;UP;1.0;147279.0;413.0;1663.0;-84.8;-424.0;256.0;0.0;315.99999999999767;269.0;9
2022.08.09 13:26;WIN$;74>_11;PREVDAY;UP;1.0;146242.0;535.0;2291.0;19.8;99.0;256.0;0.0;444.4285714285691;216.0;11
2022.08.09 13:51;WIN$;61>161;PREVDAY;UP;1.0;146088.0;199.0;2854.0;-41.0;-205.0;256.0;0.0;364.5714285714263;127.0;13
2022.08.09 17:54;WIN$;100>161;PREVDAY;UP;1.0;147280.0;266.0;1662.0;-53.2;-266.0;256.0;0.0;306.3571428571404;202.0;17
2022.08.11 10:17;WIN$;100>161;GAP;UP;1.0;150336.0;306.0;606.0;-61.2;-306.0;60.0;60.0;346.5714285714261;229.0;10
2022.08.11 15:03;WIN$;61>161;GAP;UP;1.0;149743.0;393.0;1199.0;-78.6;-393.0;60.0;60.0;357.9999999999975;242.0;14
2022.08.16 11:56;WIN$;100>161;PREVDAY;UP;1.0;152625.0;535.0;2073.0;-107.4;-537.0;249.0;0.0;393.2857142857118;384.0;11
2022.08.18 10:01;WIN$;100>161;PREVDAY;UP;1.0;153800.0;454.0;1481.0;-91.4;-457.0;225.0;0.0;344.99999999999727;265.0;9
2022.08.18 14:28;WIN$;74>_11;PREVDAY;UP;1.0;152941.0;386.0;2158.0;32.4;162.0;225.0;0.0;452.85714285714016;304.0;12
2022.08.18 14:58;WIN$;61>161;PREVDAY;UP;1.0;152770.0;197.0;2511.0;-40.0;-200.0;225.0;0.0;282.714285714283;125.0;14
2022.08.19 10:52;WIN$;100>161;GAP;DOWN;1.0;151738.0;452.0;943.0;191.8;959.0;998.0;998.0;309.21428571428294;384.0;9
2022.08.22 11:03;WIN$;61>161;GAP;DOWN;1.0;148510.0;335.0;1022.0;17.8;89.0;311.0;311.0;311.4285714285687;271.0;9
2022.08.22 15:59;WIN$;61>161;GAP;DOWN;1.0;148512.0;294.0;1024.0;-59.0;-295.0;311.0;311.0;357.35714285714016;205.0;14
2022.08.23 10:35;WIN$;100>161;PREVDAY;UP;1.0;149226.0;481.0;779.0;155.8;779.0;265.0;0.0;318.78571428571155;371.0;10
2022.08.24 12:47;WIN$;100>161;PREVDAY;UP;1.0;152266.0;949.0;1708.0;19.8;99.0;152.0;0.0;344.07142857142577;694.0;10
2022.08.25 10:00;WIN$;74>_11;GAP;UP;1.0;152331.0;494.0;857.0;-48.8;-244.0;482.0;482.0;298.0714285714258;383.0;9
2022.08.25 10:14;WIN$;61>161;GAP;UP;1.0;152575.0;439.0;919.0;18.8;94.0;482.0;482.0;316.3571428571401;132.0;10
2022.08.25 17:08;WIN$;61>161;GAP;UP;1.0;152404.0;169.0;1090.0;-34.2;-171.0;482.0;482.0;219.5714285714259;85.0;17
2022.08.30 10:20;WIN$;61>161;GAP;UP;1.0;151136.0;434.0;815.0;-86.8;-434.0;119.0;119.0;302.14285714285467;291.0;10
2022.09.01 11:13;WIN$;61>161;GAP;DOWN;1.0;148584.0;764.0;3325.0;664.8;3324.0;100.0;100.0;639.8571428571405;595.0;12
2022.09.01 12:00;WIN$;161>_200;GAP;DOWN;1.0;145822.0;719.0;4415.0;-143.8;-719.0;100.0;100.0;598.2857142857118;495.0;11
2022.09.01 15:15;WIN$;100>161;GAP;DOWN;1.0;146474.0;369.0;734.0;-81.4;-407.0;100.0;100.0;437.07142857142617;271.0;14
2022.09.05 12:20;WIN$;61>161;PREVDAY;UP;1.0;149542.0;605.0;2842.0;20.0;100.0;290.0;0.0;355.9999999999976;509.0;10
2022.09.05 12:59;WIN$;74>_11;PREVDAY;UP;1.0;149608.0;295.0;2663.0;-59.8;-299.0;290.0;0.0;400.4999999999976;238.0;12
2022.09.06 09:37;WIN$;61>161;GAP;DOWN;1.0;149319.0;610.0;689.0;137.6;688.0;186.0;186.0;227.4999999999976;528.0;9
2022.09.08 10:12;WIN$;74>_11;GAP;UP;1.0;147349.0;485.0;1348.0;19.8;99.0;879.0;879.0;422.92857142856906;356.0;9
2022.09.08 10:13;WIN$;61>161;GAP;UP;1.0;147250.0;131.0;1940.0;-26.2;-131.0;879.0;879.0;499.42857142856906;13.0;10
2022.09.09 09:49;WIN$;74>_11;GAP;UP;1.0;148201.0;235.0;1680.0;-47.2;-236.0;978.0;978.0;443.21428571428345;171.0;9
2022.09.09 11:16;WIN$;100>161;GAP;UP;1.0;148953.0;479.0;976.0;199.4;997.0;978.0;978.0;538.7142857142835;258.0;10
2022.09.12 09:00;WIN$;161>_200;GAP;UP;1.0;149919.0;387.0;7092.0;-218.4;-1092.0;978.0;978.0;233.2142857142835;265.0;15
2022.09.12 09:42;WIN$;74>_11;GAP;UP;1.0;150897.0;282.0;1037.0;-56.6;-283.0;390.0;390.0;261.6428571428549;192.0;9
2022.09.12 10:19;WIN$;100>161;GAP;UP;1.0;151287.0;499.0;708.0;152.2;761.0;390.0;390.0;287.07142857142634;390.0;9
2022.09.12 10:58;WIN$;161>_200;GAP;UP;1.0;151619.0;683.0;4074.0;-146.0;-730.0;390.0;390.0;372.4285714285691;456.0;10
2022.09.14 10:26;WIN$;100>161;PREVDAY;DOWN;1.0;147003.0;752.0;2674.0;-153.0;-765.0;205.0;0.0;390.92857142856894;655.0;10
2022.09.15 10:15;WIN$;61>161;GAP;DOWN;1.0;147188.0;554.0;747.0;-111.8;-559.0;251.0;251.0;364.07142857142605;483.0;10
2022.09.15 13:10;WIN$;161>_200;GAP;DOWN;1.0;146722.0;568.0;3091.0;-115.4;-577.0;251.0;251.0;642.5714285714258;450.0;12
2022.09.16 10:29;WIN$;61>161;GAP;DOWN;1.0;145743.0;247.0;920.0;184.0;920.0;238.0;238.0;293.64285714285444;113.0;9
2022.09.16 13:23;WIN$;161>_200;GAP;DOWN;1.0;145757.0;1024.0;2583.0;-204.8;-1024.0;238.0;238.0;417.92857142856883;966.0;11
2022.09.16 16:40;WIN$;100>161;GAP;DOWN;1.0;145233.0;407.0;410.0;-82.2;-411.0;238.0;238.0;348.3571428571402;291.0;16
2022.09.20 10:03;WIN$;61>161;GAP;DOWN;1.0;148815.0;691.0;1123.0;-139.0;-695.0;397.0;397.0;355.07142857142605;437.0;9
2022.09.21 10:04;WIN$;74>_11;PREVDAY;UP;1.0;149616.0;703.0;1571.0;-140.8;-704.0;304.0;0.0;369.9285714285691;555.0;9
2022.09.22 10:20;WIN$;100>161;GAP;UP;1.0;150812.0;487.0;920.0;-101.6;-508.0;648.0;648.0;602.9285714285692;403.0;10
2022.09.22 11:40;WIN$;74>_11;GAP;UP;1.0;150012.0;935.0;1367.0;18.4;92.0;648.0;648.0;565.642857142855;793.0;10
2022.09.22 15:15;WIN$;61>161;GAP;UP;1.0;150092.0;613.0;1640.0;18.4;92.0;648.0;648.0;455.14285714285484;456.0;14
2022.09.22 16:16;WIN$;100>161;GAP;UP;1.0;150640.0;421.0;1092.0;223.2;1116.0;648.0;648.0;462.78571428571195;225.0;15
2022.09.23 10:19;WIN$;161>_200;GAP;DOWN;1.0;151676.0;256.0;6377.0;442.4;2212.0;1718.0;1718.0;439.9999999999976;146.0;17
2022.09.23 12:35;WIN$;161>_200;GAP;DOWN;1.0;147646.0;123.0;9457.0;-28.6;-143.0;1718.0;1718.0;617.1428571428548;20.0;12
2022.09.26 09:51;WIN$;61>161;GAP;DOWN;1.0;146965.0;539.0;1646.0;-108.0;-540.0;872.0;872.0;583.0714285714264;469.0;9
2022.09.26 13:43;WIN$;100>161;GAP;DOWN;1.0;146269.0;468.0;950.0;192.6;963.0;872.0;872.0;644.4999999999977;305.0;12
2022.09.26 15:37;WIN$;161>_200;GAP;DOWN;1.0;145339.0;216.0;7252.0;-38.4;-192.0;872.0;872.0;459.9999999999977;119.0;14
2022.09.27 10:15;WIN$;61>161;GAP;UP;1.0;147356.0;1525.0;2162.0;-317.6;-1588.0;1362.0;1362.0;613.6428571428548;1474.0;9
2022.10.03 12:41;WIN$;100>161;GAP;UP;1.0;152254.0;527.0;3106.0;20.0;100.0;3767.0;3767.0;878.5714285714265;436.0;11
2022.10.07 10:46;WIN$;61>161;PREVDAY;DOWN;1.0;155088.0;1088.0;1442.0;-221.0;-1105.0;482.0;0.0;406.64285714285444;998.0;9
2022.10.10 09:00;WIN$;161>_200;PREVDAY;DOWN;1.0;153820.0;395.0;7145.0;124.6;623.0;482.0;0.0;440.57142857142577;251.0;16
2022.10.10 09:29;WIN$;61>161;PREVDAY;DOWN;1.0;154492.0;309.0;2824.0;-62.6;-313.0;317.0;0.0;448.9285714285686;132.0;9
2022.10.10 16:11;WIN$;100>161;PREVDAY;DOWN;1.0;153217.0;639.0;1549.0;18.2;91.0;317.0;0.0;526.8571428571398;430.0;11
2022.10.11 09:26;WIN$;100>161;GAP;DOWN;1.0;153362.0;395.0;1694.0;19.8;99.0;218.0;218.0;343.2857142857113;92.0;17
2022.10.11 10:09;WIN$;61>161;GAP;DOWN;1.0;152550.0;480.0;916.0;-98.0;-490.0;218.0;218.0;397.2857142857113;423.0;10
2022.10.11 12:29;WIN$;100>161;GAP;DOWN;1.0;152306.0;532.0;672.0;-109.0;-545.0;218.0;218.0;519.3571428571398;145.0;12
2022.10.11 13:20;WIN$;61>161;GAP;DOWN;1.0;152668.0;276.0;1034.0;-60.2;-301.0;218.0;218.0;481.92857142856843;185.0;13
2022.10.11 17:18;WIN$;161>_200;GAP;DOWN;1.0;151659.0;587.0;4374.0;-25.4;-127.0;218.0;218.0;410.7857142857114;86.0;16
2022.10.13 15:10;WIN$;61>161;GAP;UP;1.0;152767.0;524.0;1931.0;-105.2;-526.0;1004.0;1004.0;490.85714285713993;461.0;14
2022.10.14 09:53;WIN$;61>161;PREVDAY;DOWN;1.0;150719.0;526.0;4171.0;-106.4;-532.0;624.0;0.0;428.49999999999704;221.0;9
2022.10.17 09:00;WIN$;100>161;PREVDAY;DOWN;1.0;149122.0;843.0;2574.0;-60.0;-300.0;624.0;0.0;531.9285714285687;767.0;16
2022.10.17 10:31;WIN$;74>_11;GAP;UP;1.0;149169.0;218.0;1667.0;-41.2;-206.0;832.0;832.0;615.3571428571402;52.0;10
2022.10.17 10:58;WIN$;61>161;GAP;UP;1.0;149376.0;583.0;1509.0;20.0;100.0;832.0;832.0;593.4285714285687;254.0;10
2022.10.17 12:12;WIN$;100>161;GAP;UP;1.0;149477.0;483.0;1408.0;281.6;1408.0;832.0;832.0;594.7142857142829;578.0;10
2022.10.17 15:56;WIN$;161>_200;GAP;UP;1.0;150791.0;278.0;6957.0;-55.8;-279.0;832.0;832.0;301.8571428571401;208.0;15
2022.10.18 10:31;WIN$;100>161;GAP;UP;1.0;152125.0;422.0;707.0;145.2;726.0;481.0;481.0;348.2857142857115;319.0;9
2022.10.18 15:38;WIN$;61>161;GAP;UP;1.0;151786.0;615.0;1046.0;20.0;100.0;481.0;481.0;440.7857142857113;441.0;13
2022.10.19 10:35;WIN$;61>161;GAP;DOWN;1.0;152617.0;635.0;1314.0;-130.6;-653.0;754.0;754.0;458.99999999999716;351.0;10
2022.10.20 09:58;WIN$;61>161;GAP;UP;1.0;154917.0;608.0;1042.0;16.6;83.0;403.0;403.0;444.1428571428543;480.0;9
2022.10.20 11:03;WIN$;61>161;GAP;UP;1.0;154560.0;232.0;1399.0;-50.6;-253.0;403.0;403.0;478.57142857142577;116.0;10
2022.10.20 11:42;WIN$;100>161;GAP;UP;1.0;155086.0;303.0;873.0;-65.4;-327.0;403.0;403.0;488.214285714283;208.0;11
2022.10.20 15:21;WIN$;61>161;GAP;UP;1.0;154710.0;466.0;1249.0;-93.2;-466.0;403.0;403.0;340.9999999999972;266.0;15
2022.10.20 16:51;WIN$;74>_11;GAP;UP;1.0;154618.0;317.0;1185.0;-63.6;-318.0;403.0;403.0;354.35714285714;241.0;16
2022.10.21 13:00;WIN$;61>161;PREVDAY;UP;1.0;155217.0;863.0;1261.0;257.8;1289.0;162.0;0.0;420.85714285714005;650.0;10
2022.10.24 10:41;WIN$;61>161;GAP;DOWN;1.0;157151.0;1201.0;1360.0;273.8;1369.0;637.0;637.0;547.8571428571399;1143.0;9
2022.10.25 10:59;WIN$;100>161;PREVDAY;DOWN;1.0;152527.0;966.0;2991.0;19.8;99.0;370.0;0.0;423.64285714285444;909.0;9
2022.10.25 12:08;WIN$;100>161;PREVDAY;DOWN;1.0;152696.0;452.0;3160.0;-90.8;-454.0;370.0;0.0;631.9999999999972;384.0;11
2022.10.26 17:03;WIN$;161>_200;PREVDAY;DOWN;1.0;148819.0;351.0;12225.0;-71.8;-359.0;241.0;0.0;426.28571428571166;299.0;16
2022.10.27 10:17;WIN$;61>161;PREVDAY;DOWN;1.0;149604.0;354.0;3345.0;15.6;78.0;871.0;0.0;604.3571428571402;266.0;10
2022.10.27 13:07;WIN$;61>161;PREVDAY;DOWN;1.0;149453.0;1207.0;3194.0;-245.8;-1229.0;871.0;0.0;845.2857142857117;975.0;11
2022.11.01 10:24;WIN$;61>161;GAP;UP;1.0;153554.0;655.0;2267.0;14.0;70.0;156.0;156.0;747.7142857142838;97.0;9
2022.11.01 10:55;WIN$;61>161;GAP;UP;1.0;153854.0;643.0;1967.0;-130.0;-650.0;156.0;156.0;883.1428571428553;377.0;10
2022.11.01 13:05;WIN$;74>_11;GAP;UP;1.0;153689.0;687.0;1849.0;-137.6;-688.0;156.0;156.0;847.7142857142838;338.0;12
2022.11.01 17:21;WIN$;100>161;GAP;UP;1.0;154431.0;1162.0;1390.0;-242.4;-1212.0;156.0;156.0;664.1428571428553;364.0;17
2022.11.01 17:29;WIN$;74>_11;GAP;UP;1.0;153219.0;1332.0;1379.0;12.2;61.0;156.0;156.0;743.6428571428553;624.0;17
2022.11.03 10:33;WIN$;61>161;GAP;DOWN;1.0;151052.0;401.0;2514.0;-83.8;-419.0;805.0;805.0;1090.8571428571408;267.0;10
2022.11.04 10:37;WIN$;100>161;GAP;UP;1.0;156873.0;830.0;1318.0;19.0;95.0;1487.0;1487.0;659.9285714285695;656.0;10
2022.11.04 13:52;WIN$;61>161;GAP;UP;1.0;156211.0;967.0;1980.0;20.0;100.0;1487.0;1487.0;901.7142857142838;695.0;11
2022.11.04 15:44;WIN$;74>_11;GAP;UP;1.0;155847.0;595.0;2291.0;-122.2;-611.0;1487.0;1487.0;488.78571428571274;487.0;15
2022.11.07 10:12;WIN$;61>161;PREVDAY;DOWN;1.0;154795.0;1537.0;2479.0;10.8;54.0;689.0;0.0;637.7857142857129;1189.0;9
2022.11.07 13:41;WIN$;161>_200;PREVDAY;DOWN;1.0;152313.0;369.0;12720.0;-16.0;-80.0;689.0;0.0;773.1428571428557;169.0;13
2022.11.08 09:36;WIN$;100>161;PREVDAY;DOWN;1.0;150384.0;1361.0;2323.0;17.0;85.0;331.0;0.0;481.9999999999985;1299.0;9
2022.11.08 15:40;WIN$;61>161;PREVDAY;DOWN;1.0;153117.0;382.0;5056.0;15.2;76.0;331.0;0.0;587.4285714285699;117.0;14
2022.11.08 15:48;WIN$;61>161;PREVDAY;DOWN;1.0;153040.0;271.0;4979.0;-54.4;-272.0;331.0;0.0;598.6428571428556;838.0;15
2022.11.09 09:26;WIN$;61>161;GAP;DOWN;1.0;151461.0;479.0;1799.0;19.8;99.0;559.0;559.0;756.92857142857;422.0;9
2022.11.09 11:12;WIN$;61>161;GAP;DOWN;1.0;151720.0;350.0;2058.0;-71.8;-359.0;559.0;559.0;697.3571428571414;182.0;11
2022.11.09 15:57;WIN$;100>161;GAP;DOWN;1.0;150810.0;805.0;1148.0;229.4;1147.0;559.0;559.0;499.7857142857125;552.0;14
2022.11.10 10:32;WIN$;61>161;GAP;DOWN;1.0;146440.0;1933.0;4064.0;-5.2;-26.0;786.0;786.0;778.9999999999982;1884.0;9
2022.11.10 15:01;WIN$;100>161;GAP;DOWN;1.0;144393.0;940.0;2017.0;19.8;99.0;786.0;786.0;865.4999999999984;825.0;14
2022.11.11 12:13;WIN$;61>161;GAP;UP;1.0;144966.0;506.0;1522.0;311.6;1558.0;130.0;130.0;948.571428571427;429.0;11
2022.11.11 15:27;WIN$;161>_200;GAP;UP;1.0;146278.0;562.0;5550.0;-112.6;-563.0;130.0;130.0;724.357142857141;240.0;15
2022.11.14 10:24;WIN$;100>161;PREVDAY;UP;1.0;149096.0;927.0;2654.0;-188.8;-944.0;624.0;0.0;594.5714285714265;766.0;9
2022.11.14 12:14;WIN$;74>_11;PREVDAY;UP;1.0;146836.0;771.0;4311.0;-157.4;-787.0;624.0;0.0;737.5714285714263;689.0;11
2022.11.14 13:18;WIN$;100>161;PREVDAY;UP;1.0;148650.0;526.0;3100.0;-105.2;-526.0;624.0;0.0;678.4999999999977;429.0;13
2022.11.17 14:23;WIN$;61>161;GAP;DOWN;1.0;141716.0;589.0;3358.0;18.0;90.0;1494.0;1494.0;702.7857142857121;532.0;13
2022.11.18 11:09;WIN$;100>161;GAP;UP;1.0;145583.0;779.0;1450.0;20.0;100.0;721.0;721.0;818.9999999999975;507.0;9
2022.11.18 14:14;WIN$;74>_11;GAP;UP;1.0;144744.0;537.0;2188.0;437.4;2187.0;721.0;721.0;811.571428571426;422.0;11
2022.11.21 10:06;WIN$;61>161;PREVDAY;DOWN;1.0;143463.0;512.0;4068.0;-105.6;-528.0;338.0;0.0;478.7142857142832;292.0;9
2022.11.21 13:25;WIN$;100>161;PREVDAY;DOWN;1.0;141612.0;544.0;2217.0;-109.4;-547.0;338.0;0.0;654.8571428571404;435.0;12
2022.11.21 16:53;WIN$;61>161;PREVDAY;DOWN;1.0;143335.0;556.0;3940.0;19.6;98.0;338.0;0.0;512.2857142857117;442.0;16
2022.11.22 09:53;WIN$;100>161;PREVDAY;UP;1.0;144750.0;661.0;1540.0;-137.8;-689.0;383.0;0.0;459.4999999999973;462.0;9
2022.11.22 13:06;WIN$;61>161;PREVDAY;UP;1.0;143257.0;714.0;3033.0;-144.4;-722.0;383.0;0.0;640.9285714285688;552.0;12
2022.11.23 10:09;WIN$;61>161;PREVDAY;DOWN;1.0;141867.0;1335.0;3113.0;19.2;96.0;130.0;0.0;525.1428571428544;1007.0;9
2022.11.23 13:24;WIN$;61>161;PREVDAY;DOWN;1.0;142133.0;868.0;3379.0;19.4;97.0;130.0;0.0;589.9285714285685;793.0;13
2022.11.24 11:31;WIN$;100>161;GAP;UP;1.0;143882.0;650.0;926.0;185.2;926.0;500.0;500.0;542.4285714285686;566.0;10
2022.11.25 12:29;WIN$;74>_11;PREVDAY;UP;1.0;146187.0;699.0;3708.0;353.4;1767.0;566.0;0.0;370.9285714285686;390.0;10
2022.11.29 09:53;WIN$;61>161;GAP;UP;1.0;143303.0;383.0;1756.0;-79.0;-395.0;747.0;747.0;368.5714285714256;176.0;9
2022.11.29 18:20;WIN$;161>_200;GAP;UP;1.0;145010.0;446.0;6742.0;19.4;97.0;747.0;747.0;312.57142857142566;377.0;16
2022.11.30 09:23;WIN$;61>161;GAP;UP;1.0;145667.0;402.0;1310.0;-84.2;-421.0;273.0;273.0;359.85714285713993;143.0;9
2022.11.30 14:16;WIN$;74>_11;GAP;UP;1.0;145739.0;438.0;1040.0;207.8;1039.0;273.0;273.0;504.4285714285683;364.0;12
2022.11.30 18:20;WIN$;61>161;GAP;UP;1.0;146056.0;849.0;921.0;139.0;695.0;273.0;273.0;563.8571428571397;741.0;17
2022.12.01 10:19;WIN$;61>161;GAP;DOWN;1.0;145627.0;843.0;905.0;12.8;64.0;65.0;65.0;590.7857142857112;546.0;9
2022.12.01 10:30;WIN$;100>161;GAP;DOWN;1.0;145561.0;175.0;839.0;7.4;37.0;65.0;65.0;535.2142857142825;409.0;10
2022.12.01 14:07;WIN$;161>_200;GAP;DOWN;1.0;144746.0;475.0;4817.0;-98.6;-493.0;65.0;65.0;557.5714285714254;344.0;13
2022.12.07 11:56;WIN$;61>161;GAP;DOWN;1.0;142436.0;526.0;1758.0;-105.4;-527.0;890.0;890.0;581.5714285714259;416.0;11
2022.12.07 18:10;WIN$;100>161;GAP;DOWN;1.0;141923.0;240.0;1245.0;-50.4;-252.0;890.0;890.0;353.64285714285444;13.0;18
2022.12.08 09:46;WIN$;61>161;PREVDAY;DOWN;1.0;141593.0;1050.0;1629.0;15.0;75.0;371.0;0.0;439.92857142856866;598.0;9
2022.12.08 13:00;WIN$;100>161;PREVDAY;DOWN;1.0;141131.0;525.0;1167.0;234.8;1174.0;371.0;0.0;505.9285714285687;383.0;12
2022.12.08 14:05;WIN$;161>_200;PREVDAY;DOWN;1.0;140048.0;467.0;7814.0;35.2;176.0;371.0;0.0;554.2142857142832;345.0;13
2022.12.08 16:45;WIN$;161>_200;PREVDAY;DOWN;1.0;140066.0;225.0;7796.0;-45.4;-227.0;371.0;0.0;408.1428571428548;156.0;15
2022.12.09 10:35;WIN$;74>_11;GAP;UP;1.0;140086.0;608.0;1116.0;19.8;99.0;390.0;390.0;441.14285714285467;435.0;10
2022.12.09 12:11;WIN$;61>161;GAP;UP;1.0;140171.0;428.0;1358.0;16.6;83.0;390.0;390.0;524.7142857142833;182.0;11
2022.12.09 14:48;WIN$;100>161;GAP;UP;1.0;140801.0;369.0;728.0;-79.4;-397.0;390.0;390.0;521.5714285714259;318.0;13
2022.12.09 15:53;WIN$;74>_11;GAP;UP;1.0;140241.0;297.0;1271.0;-61.4;-307.0;390.0;390.0;347.49999999999744;182.0;15
2022.12.12 10:50;WIN$;61>161;PREVDAY;DOWN;1.0;139404.0;836.0;1466.0;293.0;1465.0;409.0;0.0;334.4999999999975;787.0;9
2022.12.13 14:44;WIN$;61>161;PREVDAY;DOWN;1.0;136845.0;439.0;5339.0;18.2;91.0;428.0;0.0;573.9999999999976;247.0;14
2022.12.13 18:20;WIN$;61>161;PREVDAY;DOWN;1.0;136486.0;505.0;4980.0;332.6;1663.0;428.0;0.0;434.8571428571404;429.0;16
2022.12.14 11:38;WIN$;61>161;GAP;DOWN;1.0;133160.0;406.0;2320.0;12.4;62.0;512.0;512.0;647.8571428571405;254.0;11
2022.12.14 14:06;WIN$;100>161;GAP;DOWN;1.0;132131.0;692.0;1291.0;-138.6;-693.0;512.0;512.0;611.4999999999977;515.0;12
2022.12.16 11:31;WIN$;61>161;GAP;DOWN;1.0;133453.0;698.0;988.0;17.2;86.0;420.0;420.0;541.285714285712;458.0;11
2022.12.16 11:32;WIN$;100>161;GAP;DOWN;1.0;133366.0;245.0;901.0;-49.2;-246.0;420.0;420.0;546.8571428571405;216.0;11
2022.12.16 15:54;WIN$;161>_200;GAP;DOWN;1.0;132730.0;420.0;4330.0;-37.0;-185.0;420.0;420.0;485.1428571428549;325.0;14
2022.12.19 10:21;WIN$;61>161;PREVDAY;DOWN;1.0;133180.0;463.0;2363.0;-101.8;-509.0;388.0;0.0;406.4285714285693;260.0;9
2022.12.20 10:12;WIN$;74>_11;PREVDAY;UP;1.0;134947.0;405.0;2957.0;-81.2;-406.0;247.0;0.0;352.5714285714267;343.0;9
2022.12.20 11:14;WIN$;100>161;PREVDAY;UP;1.0;136879.0;1112.0;1398.0;280.6;1403.0;247.0;0.0;453.4285714285695;1017.0;10
2022.12.20 15:03;WIN$;161>_200;PREVDAY;UP;1.0;138099.0;259.0;12926.0;-52.0;-260.0;247.0;0.0;416.7857142857125;184.0;15
2022.12.21 11:36;WIN$;61>161;PREVDAY;UP;1.0;138436.0;795.0;3932.0;-165.4;-827.0;426.0;0.0;642.714285714284;680.0;11
2022.12.21 12:23;WIN$;74>_11;PREVDAY;UP;1.0;138135.0;477.0;3765.0;-95.6;-478.0;426.0;0.0;675.7857142857125;305.0;11
2022.12.22 17:16;WIN$;61>161;PREVDAY;DOWN;1.0;137933.0;622.0;2595.0;-124.6;-623.0;254.0;0.0;435.64285714285546;457.0;15
2022.12.23 10:32;WIN$;61>161;PREVDAY;UP;1.0;139536.0;605.0;2132.0;20.0;100.0;597.0;0.0;390.78571428571274;546.0;9
2022.12.23 14:21;WIN$;161>_200;PREVDAY;UP;1.0;141447.0;425.0;9113.0;-56.0;-280.0;597.0;0.0;595.7857142857127;235.0;13
2022.12.26 10:34;WIN$;74>_11;PREVDAY;UP;1.0;140969.0;655.0;2464.0;11.8;59.0;260.0;0.0;377.21428571428396;375.0;10
2022.12.27 10:04;WIN$;61>161;GAP;UP;1.0;141213.0;318.0;995.0;-63.8;-319.0;171.0;171.0;329.57142857142685;178.0;9
2022.12.29 11:45;WIN$;100>161;PREVDAY;UP;1.0;142935.0;681.0;1411.0;-143.0;-715.0;242.0;0.0;305.49999999999824;496.0;9
2022.12.29 13:26;WIN$;74>_11;PREVDAY;UP;1.0;141974.0;342.0;2238.0;-68.6;-343.0;242.0;0.0;496.57142857142685;83.0;13
2022.12.29 15:22;WIN$;61>161;PREVDAY;UP;1.0;141854.0;311.0;2492.0;-67.2;-336.0;242.0;0.0;425.35714285714107;223.0;15
2023.01.02 10:40;WIN$;61>161;GAP;DOWN;1.0;139361.0;1227.0;1605.0;320.8;1604.0;572.0;572.0;415.71428571428396;934.0;9
2023.01.03 10:44;WIN$;100>161;PREVDAY;DOWN;1.0;135901.0;665.0;2189.0;4.8;24.0;445.0;0.0;443.99999999999847;445.0;10
2023.01.03 13:01;WIN$;100>161;PREVDAY;DOWN;1.0;135943.0;680.0;2231.0;-141.4;-707.0;445.0;0.0;677.7142857142842;426.0;12
2023.01.04 10:54;WIN$;61>161;GAP;UP;1.0;134286.0;356.0;1080.0;19.0;95.0;362.0;362.0;501.07142857142696;146.0;9
2023.01.04 12:10;WIN$;61>161;GAP;UP;1.0;134186.0;459.0;1180.0;-95.8;-479.0;362.0;362.0;550.0714285714271;166.0;11
2023.01.04 12:50;WIN$;100>161;GAP;UP;1.0;134636.0;286.0;730.0;-60.6;-303.0;362.0;362.0;542.7857142857129;114.0;12
2023.01.04 14:04;WIN$;161>_200;GAP;UP;1.0;135175.0;438.0;4201.0;-87.8;-439.0;362.0;362.0;608.9999999999987;286.0;13
2023.01.05 09:55;WIN$;74>_11;GAP;UP;1.0;136231.0;303.0;643.0;-60.8;-304.0;128.0;128.0;443.8571428571416;140.0;9
2023.01.06 10:32;WIN$;100>161;PREVDAY;UP;1.0;138900.0;445.0;2025.0;16.6;83.0;261.0;0.0;228.42857142857034;356.0;9
2023.01.06 11:45;WIN$;100>161;PREVDAY;UP;1.0;138984.0;421.0;1941.0;20.0;100.0;261.0;0.0;333.2142857142846;241.0;10
2023.01.10 10:09;WIN$;61>161;GAP;DOWN;1.0;139509.0;285.0;1204.0;19.0;95.0;470.0;470.0;373.85714285714147;69.0;9
2023.01.11 11:01;WIN$;100>161;PREVDAY;UP;1.0;143138.0;648.0;2277.0;-131.2;-656.0;445.0;0.0;362.71428571428424;559.0;10
2023.01.12 10:06;WIN$;61>161;GAP;DOWN;1.0;143879.0;350.0;1350.0;-73.0;-365.0;641.0;641.0;488.714285714284;286.0;10
2023.01.12 16:39;WIN$;161>_200;GAP;DOWN;1.0;142656.0;643.0;5665.0;173.6;868.0;641.0;641.0;652.2142857142838;553.0;12
2023.01.12 18:20;WIN$;61>161;GAP;DOWN;1.0;143524.0;972.0;995.0;-38.4;-192.0;641.0;641.0;423.14285714285546;616.0;16
2023.01.13 14:18;WIN$;161>_200;GAP;DOWN;1.0;142629.0;286.0;2586.0;-57.2;-286.0;82.0;82.0;395.3571428571413;172.0;14
2023.01.16 11:15;WIN$;61>161;GAP;DOWN;1.0;141485.0;444.0;1428.0;286.2;1431.0;578.0;578.0;355.07142857142696;115.0;9
2023.01.16 14:38;WIN$;161>_200;GAP;DOWN;1.0;140310.0;330.0;5127.0;-67.6;-338.0;578.0;578.0;442.5714285714269;267.0;13
2023.01.18 10:14;WIN$;61>161;GAP;UP;1.0;144009.0;668.0;1295.0;19.4;97.0;273.0;273.0;312.64285714285546;509.0;9
2023.01.18 11:36;WIN$;100>161;GAP;UP;1.0;144517.0;312.0;787.0;19.8;99.0;273.0;273.0;413.9999999999983;209.0;10
2023.01.18 14:23;WIN$;100>161;GAP;UP;1.0;144668.0;539.0;636.0;-107.8;-539.0;273.0;273.0;460.9285714285696;407.0;14
2023.01.18 15:26;WIN$;74>_11;GAP;UP;1.0;143968.0;388.0;1235.0;-77.8;-389.0;273.0;273.0;447.85714285714107;197.0;15
2023.01.18 16:55;WIN$;100>161;GAP;UP;1.0;144510.0;286.0;794.0;-58.8;-294.0;273.0;273.0;417.57142857142674;139.0;15
2023.01.18 18:20;WIN$;74>_11;GAP;UP;1.0;143987.0;318.0;1254.0;88.2;441.0;273.0;273.0;298.28571428571246;261.0;17
2023.01.20 11:49;WIN$;74>_11;PREVDAY;UP;1.0;144167.0;621.0;2860.0;95.2;476.0;279.0;0.0;348.07142857142674;451.0;9
2023.01.20 13:52;WIN$;61>161;PREVDAY;UP;1.0;143899.0;418.0;3288.0;-83.6;-418.0;279.0;0.0;396.3571428571411;355.0;13
2023.01.23 10:06;WIN$;61>161;PREVDAY;DOWN;1.0;143575.0;533.0;1697.0;-109.6;-548.0;305.0;0.0;259.71428571428385;286.0;9
2023.01.23 18:20;WIN$;100>161;PREVDAY;DOWN;1.0;142895.0;571.0;1017.0;19.8;99.0;305.0;0.0;332.2142857142841;413.0;17
2023.01.25 11:56;WIN$;61>161;PREVDAY;UP;1.0;143863.0;509.0;2688.0;-101.8;-509.0;229.0;0.0;433.92857142856974;242.0;11
2023.01.26 15:26;WIN$;74>_11;PREVDAY;UP;1.0;145635.0;882.0;2961.0;-54.4;-272.0;286.0;0.0;457.4999999999983;674.0;11
2023.01.27 11:32;WIN$;61>161;PREVDAY;DOWN;1.0;145780.0;463.0;1592.0;322.2;1611.0;330.0;0.0;274.6428571428556;203.0;9
2023.01.27 12:19;WIN$;161>_200;PREVDAY;DOWN;1.0;144218.0;311.0;6016.0;-65.0;-325.0;330.0;0.0;440.35714285714135;152.0;12
2023.01.30 17:39;WIN$;100>161;PREVDAY;DOWN;1.0;143028.0;216.0;1817.0;-43.4;-217.0;152.0;0.0;246.49999999999844;153.0;17
2023.02.01 09:39;WIN$;74>_11;PREVDAY;UP;1.0;144579.0;451.0;1886.0;-29.4;-147.0;299.0;0.0;204.85714285714124;121.0;9
2023.02.02 10:13;WIN$;61>161;GAP;DOWN;1.0;141688.0;902.0;2007.0;-183.6;-918.0;292.0;292.0;676.7857142857129;769.0;9
2023.02.02 12:47;WIN$;100>161;GAP;DOWN;1.0;141003.0;608.0;1322.0;-125.6;-628.0;292.0;292.0;683.7142857142842;216.0;12
2023.02.02 14:34;WIN$;61>161;GAP;DOWN;1.0;141835.0;233.0;2154.0;-47.0;-235.0;292.0;292.0;504.3571428571413;108.0;14
2023.02.02 18:05;WIN$;100>161;GAP;DOWN;1.0;140614.0;724.0;933.0;17.6;88.0;292.0;292.0;352.1428571428556;623.0;16
2023.02.03 16:47;WIN$;61>161;GAP;DOWN;1.0;139013.0;628.0;780.0;156.0;780.0;388.0;388.0;418.35714285714147;559.0;15
2023.02.03 18:15;WIN$;161>_200;GAP;DOWN;1.0;138530.0;374.0;4417.0;-76.2;-381.0;388.0;388.0;398.57142857142725;305.0;17
2023.02.06 11:31;WIN$;61>161;GAP;DOWN;1.0;137615.0;590.0;891.0;13.8;69.0;197.0;197.0;445.7142857142844;477.0;11
2023.02.06 12:27;WIN$;100>161;GAP;DOWN;1.0;137387.0;647.0;663.0;19.8;99.0;197.0;197.0;520.285714285713;96.0;12
2023.02.07 10:28;WIN$;74>_11;PREVDAY;UP;1.0;138112.0;792.0;1474.0;17.8;89.0;330.0;0.0;412.49999999999864;604.0;10
2023.02.07 11:32;WIN$;74>_11;PREVDAY;UP;1.0;138295.0;279.0;1657.0;-56.0;-280.0;330.0;0.0;486.14285714285586;89.0;11
2023.02.08 10:05;WIN$;100>161;GAP;UP;1.0;138550.0;362.0;626.0;-72.4;-362.0;445.0;445.0;404.42857142856997;254.0;9
2023.02.09 10:52;WIN$;74>_11;PREVDAY;UP;1.0;139541.0;520.0;2021.0;-53.2;-266.0;407.0;0.0;341.85714285714147;318.0;10
2023.02.10 10:06;WIN$;61>161;GAP;DOWN;1.0;136281.0;729.0;960.0;-148.8;-744.0;261.0;261.0;400.28571428571286;521.0;9
2023.02.13 18:20;WIN$;61>161;PREVDAY;UP;1.0;138023.0;776.0;1565.0;118.0;590.0;362.0;0.0;446.142857142856;616.0;11
2023.02.14 10:01;WIN$;61>161;GAP;UP;1.0;139211.0;407.0;887.0;-81.4;-407.0;140.0;140.0;233.785714285713;242.0;9
2023.02.15 10:13;WIN$;100>161;PREVDAY;DOWN;1.0;136674.0;249.0;1717.0;-50.0;-250.0;241.0;0.0;313.8571428571417;169.0;10
2023.02.15 11:12;WIN$;61>161;PREVDAY;DOWN;1.0;137285.0;864.0;2328.0;-175.6;-878.0;241.0;0.0;487.9285714285703;650.0;11
2023.02.16 10:09;WIN$;74>_11;PREVDAY;UP;1.0;139174.0;752.0;3234.0;80.8;404.0;225.0;0.0;305.71428571428453;400.0;9
2023.02.16 11:37;WIN$;61>161;PREVDAY;UP;1.0;138876.0;771.0;3788.0;-156.6;-783.0;225.0;0.0;369.642857142856;357.0;11
2023.02.16 17:05;WIN$;100>161;PREVDAY;UP;1.0;140415.0;564.0;2249.0;-116.6;-583.0;225.0;0.0;370.28571428571325;419.0;16
2023.02.17 10:42;WIN$;100>161;GAP;DOWN;1.0;138743.0;338.0;898.0;-67.8;-339.0;732.0;732.0;459.7142857142847;69.0;10
2023.02.17 18:20;WIN$;61>161;GAP;DOWN;1.0;139376.0;181.0;1531.0;113.8;569.0;732.0;732.0;402.28571428571337;69.0;14
2023.02.22 18:20;WIN$;61>161;GAP;DOWN;1.0;135735.0;1851.0;2142.0;-55.0;-275.0;976.0;976.0;420.85714285714175;1771.0;13
2023.02.23 10:42;WIN$;74>_11;GAP;UP;1.0;136396.0;320.0;740.0;-18.0;-90.0;257.0;257.0;348.21428571428476;151.0;9
2023.02.23 15:49;WIN$;161>_200;GAP;UP;1.0;137103.0;621.0;3096.0;221.0;1105.0;257.0;257.0;480.1428571428562;557.0;12
2023.02.23 18:20;WIN$;61>161;GAP;UP;1.0;136448.0;407.0;728.0;53.6;268.0;257.0;257.0;292.6428571428561;350.0;16
2023.02.24 11:47;WIN$;61>161;GAP;DOWN;1.0;136086.0;480.0;991.0;198.0;990.0;344.0;344.0;285.42857142857036;137.0;10
2023.02.27 10:30;WIN$;74>_11;GAP;UP;1.0;134840.0;406.0;819.0;163.6;818.0;162.0;162.0;230.5714285714275;238.0;9
2023.02.28 13:06;WIN$;61>161;PREVDAY;DOWN;1.0;134100.0;483.0;1708.0;19.8;99.0;319.0;0.0;476.78571428571325;394.0;11
2023.02.28 14:06;WIN$;100>161;PREVDAY;DOWN;1.0;133294.0;839.0;902.0;-169.2;-846.0;319.0;0.0;566.2857142857133;238.0;13
2023.02.28 16:16;WIN$;61>161;PREVDAY;DOWN;1.0;134096.0;356.0;1704.0;-75.4;-377.0;319.0;0.0;501.49999999999903;257.0;15
2023.03.01 10:04;WIN$;74>_11;GAP;UP;1.0;133031.0;282.0;883.0;-56.6;-283.0;262.0;262.0;432.999999999999;207.0;9
2023.03.02 13:17;WIN$;61>161;PREVDAY;DOWN;1.0;131530.0;763.0;2720.0;-152.8;-764.0;231.0;0.0;465.64285714285614;632.0;11
2023.03.03 11:04;WIN$;61>161;PREVDAY;DOWN;1.0;131411.0;388.0;2153.0;-77.8;-389.0;231.0;0.0;369.2142857142847;200.0;11
2023.03.06 10:09;WIN$;61>161;PREVDAY;UP;1.0;131918.0;269.0;1382.0;-53.8;-269.0;194.0;0.0;276.07142857142753;213.0;9
2023.03.07 10:36;WIN$;74>_11;PREVDAY;UP;1.0;132218.0;450.0;2011.0;-35.2;-176.0;282.0;0.0;266.35714285714164;375.0;9
2023.03.07 12:00;WIN$;61>161;PREVDAY;UP;1.0;132876.0;1040.0;1978.0;-208.0;-1040.0;282.0;0.0;348.28571428571314;957.0;10
2023.03.09 10:09;WIN$;74>_11;PREVDAY;UP;1.0;134240.0;212.0;2702.0;-44.4;-222.0;194.0;0.0;267.64285714285586;144.0;10
2023.03.09 15:01;WIN$;61>161;PREVDAY;UP;1.0;133946.0;145.0;3185.0;-34.0;-170.0;194.0;0.0;353.92857142857014;87.0;15
2023.03.09 18:20;WIN$;74>_11;PREVDAY;UP;1.0;134183.0;450.0;2645.0;318.8;1594.0;194.0;0.0;311.4285714285701;344.0;17
2023.03.10 10:30;WIN$;100>161;PREVDAY;DOWN;1.0;132287.0;588.0;1476.0;19.8;99.0;244.0;0.0;418.2142857142845;382.0;9
2023.03.10 17:37;WIN$;161>_200;PREVDAY;DOWN;1.0;130850.0;290.0;9556.0;-14.2;-71.0;244.0;0.0;369.9285714285702;226.0;16
2023.03.13 09:51;WIN$;100>161;PREVDAY;DOWN;1.0;129709.0;814.0;923.0;19.8;99.0;288.0;0.0;356.1428571428559;757.0;9
2023.03.13 11:35;WIN$;100>161;PREVDAY;DOWN;1.0;130242.0;493.0;1456.0;-98.8;-494.0;288.0;0.0;568.8571428571416;307.0;11
2023.03.14 17:40;WIN$;61>161;PREVDAY;DOWN;1.0;129548.0;574.0;1880.0;-117.6;-588.0;331.0;0.0;368.49999999999915;457.0;16
2023.03.15 11:07;WIN$;100>161;GAP;DOWN;1.0;127845.0;794.0;982.0;19.8;99.0;1395.0;1395.0;478.71428571428487;526.0;9
2023.03.15 12:13;WIN$;100>161;GAP;DOWN;1.0;127745.0;682.0;882.0;19.8;99.0;1395.0;1395.0;598.9999999999992;794.0;11
2023.03.15 15:00;WIN$;61>161;GAP;DOWN;1.0;128815.0;419.0;1952.0;-87.0;-435.0;1395.0;1395.0;414.7142857142849;276.0;14
2023.03.16 11:16;WIN$;100>161;PREVDAY;UP;1.0;130130.0;633.0;1817.0;-130.4;-652.0;438.0;0.0;435.2142857142849;407.0;10
2023.03.20 16:03;WIN$;100>161;PREVDAY;DOWN;1.0;127777.0;650.0;1273.0;18.8;94.0;351.0;0.0;369.14285714285626;557.0;10
2023.03.21 10:23;WIN$;74>_11;GAP;UP;1.0;127969.0;339.0;914.0;19.8;99.0;494.0;494.0;280.9285714285705;194.0;9
2023.03.21 10:39;WIN$;61>161;GAP;UP;1.0;127897.0;365.0;1026.0;-73.0;-365.0;494.0;494.0;320.21428571428476;138.0;10
2023.03.22 11:09;WIN$;100>161;PREVDAY;DOWN;1.0;126970.0;574.0;667.0;18.8;94.0;144.0;0.0;219.857142857142;356.0;9
2023.03.22 15:00;WIN$;100>161;PREVDAY;DOWN;1.0;127000.0;388.0;697.0;19.8;99.0;144.0;0.0;272.14285714285626;263.0;13
2023.03.23 14:08;WIN$;61>161;PREVDAY;DOWN;1.0;126668.0;739.0;2221.0;444.0;2220.0;225.0;0.0;404.9999999999993;475.0;10
2023.03.27 10:32;WIN$;100>161;PREVDAY;UP;1.0;125488.0;609.0;1505.0;-121.8;-609.0;313.0;0.0;314.99999999999926;519.0;9
2023.03.28 09:57;WIN$;61>161;PREVDAY;UP;1.0;125561.0;444.0;998.0;-90.0;-450.0;206.0;0.0;216.71428571428515;306.0;9
2023.03.29 10:03;WIN$;61>161;GAP;UP;1.0;128002.0;345.0;618.0;-71.4;-357.0;63.0;63.0;230.21428571428515;200.0;10
2023.03.30 11:02;WIN$;100>161;GAP;UP;1.0;130600.0;678.0;867.0;-136.8;-684.0;1208.0;1208.0;544.2857142857135;581.0;10
2023.03.31 10:58;WIN$;61>161;PREVDAY;UP;1.0;129697.0;814.0;1770.0;17.4;87.0;132.0;0.0;616.6428571428565;757.0;11
2023.04.03 09:48;WIN$;74>_11;GAP;UP;1.0;127888.0;345.0;792.0;-69.2;-346.0;319.0;319.0;373.07142857142804;150.0;9
2023.04.06 10:07;WIN$;61>161;PREVDAY;DOWN;1.0;126093.0;425.0;2674.0;-90.2;-451.0;212.0;0.0;282.57142857142804;363.0;9
2023.04.11 09:00;WIN$;61>161;PREVDAY;UP;1.0;126807.0;583.0;1415.0;290.2;1451.0;244.0;0.0;238.21428571428515;531.0;9
2023.04.11 10:05;WIN$;61>161;GAP;UP;1.0;128896.0;763.0;1045.0;209.0;1045.0;407.0;407.0;255.07142857142807;644.0;9
2023.04.12 09:42;WIN$;100>161;PREVDAY;UP;1.0;133780.0;962.0;3452.0;17.2;86.0;300.0;0.0;390.4999999999997;872.0;9
2023.04.12 10:50;WIN$;100>161;PREVDAY;UP;1.0;134104.0;850.0;3128.0;16.8;84.0;300.0;0.0;511.6428571428569;540.0;10
2023.04.12 16:28;WIN$;100>161;PREVDAY;UP;1.0;133943.0;456.0;3289.0;14.6;73.0;300.0;0.0;638.4999999999997;307.0;12
2023.04.14 10:08;WIN$;61>161;PREVDAY;DOWN;1.0;133332.0;341.0;1351.0;270.0;1350.0;270.0;0.0;263.9999999999997;271.0;9
2023.04.14 11:06;WIN$;161>_200;PREVDAY;DOWN;1.0;132464.0;1414.0;4781.0;20.0;100.0;270.0;0.0;506.85714285714255;1277.0;10
2023.04.14 11:44;WIN$;100>161;PREVDAY;DOWN;1.0;132771.0;251.0;790.0;17.0;85.0;270.0;0.0;570.8571428571425;159.0;11
2023.04.14 17:11;WIN$;100>161;PREVDAY;DOWN;1.0;132863.0;362.0;882.0;-75.2;-376.0;270.0;0.0;307.49999999999966;288.0;14
2023.04.17 10:23;WIN$;74>_11;PREVDAY;UP;1.0;133034.0;737.0;2248.0;19.6;98.0;307.0;0.0;307.28571428571394;663.0;9
2023.04.17 12:49;WIN$;74>_11;PREVDAY;UP;1.0;133071.0;442.0;2285.0;73.6;368.0;307.0;0.0;449.07142857142827;62.0;10
2023.04.17 17:51;WIN$;61>161;PREVDAY;UP;1.0;132778.0;298.0;2632.0;-60.2;-301.0;307.0;0.0;205.3571428571426;99.0;17
2023.04.18 10:05;WIN$;61>161;GAP;UP;1.0;133925.0;868.0;1263.0;-173.6;-868.0;509.0;509.0;315.85714285714255;786.0;9
2023.04.19 17:30;WIN$;100>161;GAP;DOWN;1.0;130147.0;782.0;839.0;18.0;90.0;798.0;798.0;478.1428571428569;718.0;10
2023.04.20 14:34;WIN$;61>161;PREVDAY;DOWN;1.0;129964.0;639.0;2037.0;-130.4;-652.0;264.0;0.0;605.5714285714283;466.0;11
2023.04.24 10:58;WIN$;61>161;GAP;DOWN;1.0;129080.0;934.0;962.0;-191.8;-959.0;215.0;215.0;310.8571428571427;650.0;9
2023.04.25 09:44;WIN$;100>161;GAP;DOWN;1.0;129073.0;431.0;482.0;-92.4;-462.0;283.0;283.0;229.71428571428555;202.0;9
2023.04.25 14:12;WIN$;161>_200;GAP;DOWN;1.0;128602.0;137.0;2920.0;-27.4;-137.0;283.0;283.0;359.57142857142844;49.0;13
2023.04.26 09:51;WIN$;61>161;PREVDAY;UP;1.0;128965.0;322.0;1608.0;-65.4;-327.0;381.0;0.0;337.2142857142856;184.0;9
2023.04.27 10:29;WIN$;100>161;PREVDAY;DOWN;1.0;127133.0;806.0;1341.0;-162.4;-812.0;326.0;0.0;318.42857142857133;577.0;9
2023.04.27 14:48;WIN$;61>161;PREVDAY;DOWN;1.0;127968.0;554.0;2176.0;19.8;99.0;326.0;0.0;489.99999999999994;472.0;11
2023.04.28 10:12;WIN$;61>161;PREVDAY;UP;1.0;128099.0;445.0;1433.0;19.2;96.0;123.0;0.0;249.64285714285717;147.0;9
2023.04.28 10:32;WIN$;61>161;PREVDAY;UP;1.0;128013.0;389.0;1519.0;-77.8;-389.0;123.0;0.0;356.2857142857143;67.0;10
2023.04.28 12:18;WIN$;161>_200;PREVDAY;UP;1.0;129330.0;364.0;5464.0;16.8;84.0;123.0;0.0;498.64285714285717;234.0;11
2023.04.28 13:17;WIN$;161>_200;PREVDAY;UP;1.0;129410.0;309.0;5544.0;-64.2;-321.0;123.0;0.0;560.857142857143;160.0;13
2023.05.02 10:26;WIN$;61>161;PREVDAY;UP;1.0;129253.0;260.0;2459.0;-52.0;-260.0;356.0;0.0;282.357142857143;191.0;10
2023.05.03 09:15;WIN$;61>161;GAP;UP;1.0;126939.0;365.0;646.0;-80.2;-401.0;62.0;62.0;223.4285714285718;227.0;9
2023.05.03 16:09;WIN$;100>161;GAP;UP;1.0;127135.0;316.0;450.0;-65.4;-327.0;62.0;62.0;269.2857142857145;30.0;15
2023.05.03 17:54;WIN$;61>161;GAP;UP;1.0;126933.0;218.0;652.0;-46.6;-233.0;62.0;62.0;329.2142857142859;148.0;17
2023.05.04 13:36;WIN$;61>161;PREVDAY;DOWN;1.0;126291.0;757.0;941.0;19.2;96.0;405.0;0.0;557.2857142857143;584.0;11
2023.05.05 14:49;WIN$;100>161;PREVDAY;UP;1.0;128700.0;456.0;1869.0;374.4;1872.0;970.0;0.0;474.7142857142858;411.0;12
2023.05.05 17:08;WIN$;161>_200;PREVDAY;UP;1.0;130413.0;516.0;10864.0;-104.4;-522.0;970.0;0.0;341.1428571428573;411.0;15
2023.05.09 10:01;WIN$;61>161;GAP;DOWN;1.0;131043.0;242.0;545.0;-48.6;-243.0;105.0;105.0;232.50000000000026;197.0;9
2023.05.10 10:11;WIN$;61>161;GAP;DOWN;1.0;132966.0;388.0;562.0;-80.0;-400.0;209.0;209.0;314.92857142857173;289.0;10
2023.05.10 12:25;WIN$;100>161;GAP;DOWN;1.0;132783.0;362.0;379.0;-73.6;-368.0;209.0;209.0;531.0714285714289;215.0;12
2023.05.10 15:16;WIN$;61>161;GAP;DOWN;1.0;133065.0;264.0;661.0;-54.8;-274.0;209.0;209.0;466.5000000000003;62.0;13
2023.05.11 10:02;WIN$;100>161;GAP;DOWN;1.0;132726.0;308.0;523.0;108.0;540.0;295.0;295.0;284.21428571428606;239.0;9
2023.05.11 12:43;WIN$;61>161;GAP;DOWN;1.0;133003.0;431.0;800.0;-88.6;-443.0;295.0;295.0;413.92857142857173;356.0;11
2023.05.16 16:51;WIN$;61>161;PREVDAY;UP;1.0;133845.0;745.0;3012.0;18.8;94.0;172.0;0.0;308.28571428571456;190.0;10
2023.05.18 09:39;WIN$;100>161;GAP;DOWN;1.0;135090.0;142.0;528.0;109.8;549.0;110.0;110.0;246.57142857142892;80.0;9
2023.05.18 15:00;WIN$;61>161;GAP;DOWN;1.0;135471.0;222.0;909.0;-44.6;-223.0;110.0;110.0;424.14285714285745;31.0;11
2023.05.19 10:10;WIN$;100>161;PREVDAY;UP;1.0;137197.0;695.0;739.0;-141.4;-707.0;264.0;0.0;288.4285714285717;608.0;9
2023.05.19 12:21;WIN$;74>_11;PREVDAY;UP;1.0;135921.0;1473.0;1651.0;-295.4;-1477.0;264.0;0.0;390.21428571428595;1394.0;10
2023.05.22 13:46;WIN$;61>161;PREVDAY;UP;1.0;137031.0;431.0;1819.0;-87.2;-436.0;221.0;0.0;500.5714285714286;228.0;12
2023.05.23 13:04;WIN$;61>161;PREVDAY;UP;1.0;137487.0;200.0;2018.0;-43.2;-216.0;313.0;0.0;368.5000000000001;129.0;12
2023.05.23 14:04;WIN$;74>_11;PREVDAY;UP;1.0;137271.0;485.0;1423.0;2.2;11.0;313.0;0.0;383.7142857142858;276.0;13
2023.05.25 10:19;WIN$;61>161;GAP;UP;1.0;136621.0;1353.0;1416.0;20.0;100.0;332.0;332.0;354.3571428571426;1185.0;9
2023.05.25 10:32;WIN$;100>161;GAP;UP;1.0;136723.0;473.0;1314.0;-97.0;-485.0;332.0;332.0;467.1428571428568;632.0;10
2023.05.25 12:16;WIN$;61>161;GAP;UP;1.0;136080.0;518.0;1957.0;18.8;94.0;332.0;332.0;563.4285714285711;393.0;11
2023.05.25 13:05;WIN$;74>_11;GAP;UP;1.0;136175.0;648.0;1655.0;19.8;99.0;332.0;332.0;624.9999999999997;393.0;12
2023.05.25 15:43;WIN$;61>161;GAP;UP;1.0;136172.0;370.0;1865.0;-74.0;-370.0;332.0;332.0;544.1428571428567;283.0;13
2023.05.26 09:38;WIN$;100>161;GAP;UP;1.0;137221.0;284.0;753.0;-65.2;-326.0;596.0;596.0;353.14285714285677;172.0;9
2023.05.26 12:30;WIN$;74>_11;GAP;UP;1.0;136618.0;683.0;1000.0;199.8;999.0;596.0;596.0;516.9285714285711;473.0;12
2023.05.26 15:59;WIN$;61>161;GAP;UP;1.0;136835.0;315.0;1139.0;20.0;100.0;596.0;596.0;476.6428571428567;258.0;13
2023.05.26 16:35;WIN$;100>161;GAP;UP;1.0;137197.0;333.0;777.0;-66.6;-333.0;596.0;596.0;305.2857142857138;264.0;16
2023.05.26 17:11;WIN$;74>_11;GAP;UP;1.0;136687.0;547.0;1069.0;-110.0;-550.0;596.0;596.0;301.7857142857138;479.0;16
2023.05.26 17:32;WIN$;100>161;GAP;UP;1.0;137197.0;296.0;777.0;-61.0;-305.0;596.0;596.0;310.49999999999955;190.0;17
2023.05.30 10:00;WIN$;61>161;GAP;UP;1.0;136658.0;279.0;767.0;159.2;796.0;148.0;148.0;304.6428571428566;135.0;9
2023.05.31 10:20;WIN$;100>161;PREVDAY;DOWN;1.0;133857.0;338.0;2164.0;-72.6;-363.0;252.0;0.0;253.07142857142807;123.0;9
2023.06.01 12:42;WIN$;61>161;GAP;UP;1.0;134784.0;714.0;1151.0;232.0;1160.0;436.0;436.0;491.4999999999995;516.0;12
2023.06.01 14:18;WIN$;161>_200;GAP;UP;1.0;135907.0;296.0;5348.0;-64.0;-320.0;436.0;436.0;434.64285714285654;239.0;13
2023.06.02 09:38;WIN$;61>161;GAP;UP;1.0;137768.0;530.0;791.0;160.8;804.0;276.0;276.0;301.28571428571377;387.0;9
2023.06.02 10:25;WIN$;161>_200;GAP;UP;1.0;138547.0;498.0;3942.0;-99.8;-499.0;276.0;276.0;392.1428571428566;67.0;10
2023.06.05 09:53;WIN$;74>_11;PREVDAY;UP;1.0;138682.0;283.0;1636.0;-57.0;-285.0;233.0;0.0;284.49999999999955;184.0;9
2023.06.06 09:00;WIN$;61>161;PREVDAY;UP;1.0;138565.0;307.0;2042.0;-7.2;-36.0;233.0;0.0;377.21428571428515;104.0;13
2023.06.06 10:20;WIN$;100>161;PREVDAY;UP;1.0;139401.0;253.0;1104.0;-51.6;-258.0;270.0;0.0;289.28571428571365;43.0;10
2023.06.07 11:33;WIN$;61>161;GAP;UP;1.0;142454.0;476.0;874.0;-95.2;-476.0;307.0;307.0;342.2857142857138;344.0;10
2023.06.09 11:22;WIN$;61>161;GAP;UP;1.0;143497.0;690.0;849.0;169.8;849.0;196.0;196.0;306.2857142857139;607.0;9
2023.06.09 13:17;WIN$;161>_200;GAP;UP;1.0;144312.0;296.0;4655.0;-59.4;-297.0;196.0;196.0;431.928571428571;160.0;12
2023.06.12 10:15;WIN$;100>161;PREVDAY;UP;1.0;144853.0;916.0;984.0;-183.2;-916.0;442.0;0.0;283.7142857142854;632.0;9
2023.06.12 11:13;WIN$;74>_11;PREVDAY;UP;1.0;143938.0;510.0;1298.0;-24.0;-120.0;442.0;0.0;323.35714285714255;356.0;10
2023.06.12 12:37;WIN$;61>161;PREVDAY;UP;1.0;144312.0;529.0;1525.0;18.4;92.0;442.0;0.0;408.5714285714282;430.0;11
2023.06.12 15:24;WIN$;74>_11;PREVDAY;UP;1.0;144147.0;295.0;1507.0;-32.2;-161.0;442.0;0.0;331.7142857142854;197.0;13
2023.06.13 09:30;WIN$;61>161;PREVDAY;UP;1.0;144476.0;269.0;1397.0;-56.2;-281.0;214.0;0.0;237.21428571428527;123.0;9
2023.06.13 10:17;WIN$;100>161;PREVDAY;UP;1.0;145081.0;481.0;792.0;-96.2;-481.0;214.0;0.0;296.57142857142816;368.0;10
2023.06.13 12:09;WIN$;61>161;PREVDAY;UP;1.0;144399.0;278.0;1474.0;-56.6;-283.0;214.0;0.0;438.4999999999996;31.0;11
2023.06.14 10:45;WIN$;61>161;GAP;UP;1.0;144666.0;544.0;690.0;142.8;714.0;397.0;397.0;318.0714285714282;493.0;10
2023.06.14 16:25;WIN$;161>_200;GAP;UP;1.0;144943.0;863.0;3596.0;-121.0;-605.0;397.0;397.0;411.07142857142827;723.0;15
2023.06.15 14:03;WIN$;61>161;PREVDAY;UP;1.0;146082.0;581.0;2144.0;20.0;100.0;259.0;0.0;617.9285714285711;512.0;9
2023.06.16 09:09;WIN$;100>161;PREVDAY;UP;1.0;146823.0;467.0;1403.0;-93.4;-467.0;259.0;0.0;272.3571428571424;386.0;15
2023.06.16 11:25;WIN$;61>161;PREVDAY;UP;1.0;146792.0;388.0;1535.0;-78.4;-392.0;222.0;0.0;372.28571428571377;326.0;11
2023.06.20 10:53;WIN$;61>161;GAP;DOWN;1.0;146636.0;471.0;718.0;19.8;99.0;259.0;259.0;215.2857142857137;397.0;9
2023.06.20 10:54;WIN$;100>161;GAP;DOWN;1.0;146536.0;161.0;618.0;-36.6;-183.0;259.0;259.0;327.9285714285708;494.0;10
2023.06.20 15:41;WIN$;161>_200;GAP;DOWN;1.0;146016.0;407.0;3538.0;102.0;510.0;259.0;259.0;432.28571428571365;338.0;12
2023.06.20 16:50;WIN$;100>161;GAP;DOWN;1.0;146459.0;419.0;541.0;-84.0;-420.0;259.0;259.0;275.35714285714226;319.0;15
2023.06.23 09:00;WIN$;161>_200;GAP;DOWN;1.0;145883.0;328.0;4583.0;-49.6;-248.0;626.0;626.0;295.1428571428564;199.0;16
2023.06.23 10:37;WIN$;61>161;GAP;DOWN;1.0;145653.0;141.0;1115.0;17.8;89.0;560.0;560.0;314.1428571428564;42.0;10
2023.06.23 12:03;WIN$;61>161;GAP;DOWN;1.0;145383.0;537.0;845.0;-107.6;-538.0;560.0;560.0;385.5714285714278;440.0;11
2023.06.27 10:25;WIN$;61>161;GAP;UP;1.0;145950.0;708.0;947.0;-141.6;-708.0;542.0;542.0;318.2857142857133;632.0;9
2023.06.28 09:54;WIN$;61>161;PREVDAY;DOWN;1.0;143805.0;513.0;3132.0;15.6;78.0;145.0;0.0;232.3571428571418;325.0;9
2023.06.28 12:19;WIN$;61>161;PREVDAY;DOWN;1.0;143703.0;771.0;3030.0;-154.8;-774.0;145.0;0.0;381.6428571428561;560.0;10
2023.06.29 10:22;WIN$;61>161;PREVDAY;DOWN;1.0;142696.0;929.0;1129.0;-189.2;-946.0;283.0;0.0;301.499999999999;789.0;9
2023.06.30 14:23;WIN$;100>161;PREVDAY;UP;1.0;145782.0;576.0;1499.0;-121.8;-609.0;187.0;0.0;423.42857142857054;488.0;12
2023.07.03 09:00;WIN$;74>_11;PREVDAY;UP;1.0;144720.0;616.0;2468.0;37.2;186.0;187.0;0.0;317.5714285714279;385.0;16
2023.07.03 10:22;WIN$;61>161;GAP;UP;1.0;144997.0;616.0;744.0;148.8;744.0;272.0;272.0;349.8571428571422;470.0;9
2023.07.04 11:04;WIN$;74>_11;PREVDAY;UP;1.0;146039.0;164.0;1869.0;19.8;99.0;121.0;0.0;184.21428571428498;72.0;9
2023.07.04 11:38;WIN$;61>161;PREVDAY;UP;1.0;146047.0;378.0;1969.0;-75.6;-378.0;121.0;0.0;272.85714285714215;283.0;11
2023.07.04 16:04;WIN$;74>_11;PREVDAY;UP;1.0;145829.0;434.0;1659.0;19.8;99.0;121.0;0.0;331.92857142857076;373.0;11
2023.07.04 16:45;WIN$;61>161;PREVDAY;UP;1.0;145806.0;131.0;2210.0;-27.8;-139.0;121.0;0.0;247.07142857142793;6.0;16
2023.07.05 09:49;WIN$;100>161;GAP;DOWN;1.0;144406.0;243.0;589.0;-48.8;-244.0;78.0;78.0;297.21428571428515;109.0;9
2023.07.06 10:10;WIN$;100>161;GAP;DOWN;1.0;144947.0;208.0;538.0;-42.6;-213.0;198.0;198.0;286.92857142857076;133.0;9
2023.07.06 10:46;WIN$;161>_200;GAP;DOWN;1.0;144455.0;165.0;3746.0;-33.0;-165.0;198.0;198.0;377.7142857142851;67.0;10
2023.07.07 11:19;WIN$;161>_200;GAP;UP;1.0;144864.0;496.0;3488.0;-108.4;-542.0;307.0;307.0;482.3571428571422;247.0;11
2023.07.11 10:18;WIN$;61>161;PREVDAY;DOWN;1.0;143654.0;706.0;1247.0;249.2;1246.0;229.0;0.0;256.85714285714226;560.0;9
2023.07.11 16:39;WIN$;161>_200;PREVDAY;DOWN;1.0;142559.0;353.0;5449.0;141.8;709.0;229.0;0.0;502.9999999999994;228.0;12
2023.07.11 17:54;WIN$;100>161;PREVDAY;DOWN;1.0;143346.0;201.0;939.0;-48.4;-242.0;229.0;0.0;245.14285714285646;151.0;16
2023.07.13 09:29;WIN$;61>161;GAP;UP;1.0;144118.0;364.0;1178.0;-79.6;-398.0;572.0;572.0;331.8571428571424;295.0;9
2023.07.14 09:00;WIN$;161>_200;GAP;UP;1.0;145262.0;236.0;4959.0;-60.8;-304.0;572.0;572.0;178.28571428571374;174.0;17
2023.07.14 11:01;WIN$;74>_11;PREVDAY;UP;1.0;145399.0;364.0;1944.0;154.6;773.0;355.0;0.0;213.92857142857088;36.0;9
2023.07.17 10:17;WIN$;100>161;PREVDAY;DOWN;1.0;142913.0;345.0;1497.0;19.8;99.0;168.0;0.0;260.6428571428565;211.0;9
2023.07.18 10:39;WIN$;74>_11;PREVDAY;UP;1.0;143550.0;665.0;1905.0;-141.8;-709.0;240.0;0.0;233.57142857142793;325.0;9
2023.07.18 12:26;WIN$;100>161;PREVDAY;UP;1.0;144438.0;738.0;1149.0;-147.6;-738.0;240.0;0.0;400.4999999999994;591.0;11
2023.07.18 16:01;WIN$;61>161;PREVDAY;UP;1.0;143516.0;280.0;2071.0;-56.0;-280.0;240.0;0.0;337.28571428571365;217.0;14
2023.07.19 10:34;WIN$;61>161;PREVDAY;DOWN;1.0;143321.0;389.0;1858.0;16.2;81.0;205.0;0.0;258.4999999999994;205.0;9
2023.07.19 15:22;WIN$;61>161;PREVDAY;DOWN;1.0;142821.0;642.0;1358.0;19.8;99.0;205.0;0.0;444.07142857142793;542.0;11
2023.07.21 10:26;WIN$;61>161;PREVDAY;UP;1.0;143716.0;371.0;993.0;203.2;1016.0;283.0;0.0;273.1428571428566;283.0;10
2023.07.24 09:42;WIN$;100>161;PREVDAY;UP;1.0;146432.0;570.0;1968.0;-114.8;-574.0;253.0;0.0;260.3571428571422;313.0;9
2023.07.25 10:08;WIN$;61>161;GAP;UP;1.0;148871.0;636.0;1255.0;20.0;100.0;415.0;415.0;299.0714285714279;524.0;9
2023.07.25 14:46;WIN$;74>_11;GAP;UP;1.0;148702.0;344.0;1242.0;55.8;279.0;415.0;415.0;432.57142857142793;283.0;11
2023.07.26 10:37;WIN$;100>161;PREVDAY;DOWN;1.0;147840.0;399.0;1090.0;-80.0;-400.0;193.0;0.0;290.7142857142851;337.0;9
2023.07.26 17:05;WIN$;61>161;PREVDAY;DOWN;1.0;148328.0;652.0;1578.0;-135.0;-675.0;193.0;0.0;354.9999999999994;446.0;16
2023.07.28 09:39;WIN$;61>161;GAP;UP;1.0;146106.0;665.0;1106.0;17.8;89.0;561.0;561.0;417.2857142857139;584.0;9
2023.07.28 09:41;WIN$;100>161;GAP;UP;1.0;146197.0;148.0;1015.0;-30.4;-152.0;561.0;561.0;429.35714285714243;343.0;9
2023.07.28 13:42;WIN$;61>161;GAP;UP;1.0;145715.0;196.0;1497.0;-41.2;-206.0;561.0;561.0;370.7857142857138;108.0;13
2023.07.31 14:35;WIN$;161>_200;GAP;UP;1.0;147778.0;238.0;5963.0;45.0;225.0;542.0;542.0;337.71428571428515;97.0;13
2023.08.01 10:35;WIN$;61>161;GAP;DOWN;1.0;146611.0;688.0;848.0;169.6;848.0;338.0;338.0;259.7142857142852;614.0;9
2023.08.01 10:47;WIN$;100>161;GAP;DOWN;1.0;146207.0;424.0;444.0;-85.0;-425.0;338.0;338.0;355.1428571428566;350.0;10
2023.08.02 09:00;WIN$;161>_200;GAP;DOWN;1.0;145775.0;244.0;4456.0;3.4;17.0;338.0;338.0;471.21428571428515;187.0;13
2023.08.02 11:57;WIN$;61>161;GAP;DOWN;1.0;145841.0;585.0;931.0;186.0;930.0;277.0;277.0;344.85714285714226;464.0;10
2023.08.02 14:11;WIN$;100>161;GAP;DOWN;1.0;145610.0;208.0;700.0;-45.2;-226.0;277.0;277.0;421.57142857142804;66.0;13
2023.08.02 16:05;WIN$;61>161;GAP;DOWN;1.0;145911.0;304.0;1001.0;-63.0;-315.0;277.0;277.0;233.42857142857088;241.0;15
2023.08.03 10:43;WIN$;61>161;GAP;UP;1.0;147360.0;390.0;2016.0;20.0;100.0;1054.0;1054.0;512.428571428571;169.0;10
2023.08.04 10:23;WIN$;100>161;PREVDAY;DOWN;1.0;144575.0;857.0;1210.0;-173.0;-865.0;247.0;0.0;370.7857142857137;795.0;9
2023.08.08 09:00;WIN$;61>161;PREVDAY;DOWN;1.0;146449.0;140.0;3084.0;698.6;3493.0;151.0;0.0;398.78571428571377;66.0;14
2023.08.08 09:49;WIN$;61>161;GAP;DOWN;1.0;142335.0;676.0;1284.0;19.8;99.0;867.0;867.0;321.28571428571377;620.0;9
2023.08.09 10:08;WIN$;74>_11;PREVDAY;UP;1.0;143515.0;773.0;2160.0;15.4;77.0;265.0;0.0;253.07142857142816;723.0;9
2023.08.09 10:27;WIN$;61>161;PREVDAY;UP;1.0;143377.0;520.0;2725.0;-107.4;-537.0;265.0;0.0;276.64285714285677;78.0;10
2023.08.10 10:30;WIN$;61>161;GAP;UP;1.0;143691.0;358.0;721.0;-71.6;-358.0;96.0;96.0;269.2857142857138;271.0;10
2023.08.10 13:38;WIN$;74>_11;GAP;UP;1.0;143528.0;350.0;790.0;19.8;99.0;96.0;96.0;426.71428571428527;223.0;11
2023.08.11 10:16;WIN$;61>161;PREVDAY;DOWN;1.0;142937.0;471.0;1882.0;-94.4;-472.0;139.0;0.0;285.2857142857137;174.0;9
2023.08.14 09:59;WIN$;100>161;PREVDAY;DOWN;1.0;141528.0;351.0;1201.0;-71.4;-357.0;144.0;0.0;275.78571428571377;157.0;9
2023.08.15 17:49;WIN$;61>161;PREVDAY;DOWN;1.0;141165.0;256.0;1835.0;367.0;1835.0;156.0;0.0;413.2142857142853;175.0;10
2023.08.16 09:51;WIN$;61>161;GAP;UP;1.0;139983.0;271.0;993.0;-54.8;-274.0;236.0;236.0;290.14285714285666;59.0;9
2023.08.16 11:35;WIN$;100>161;GAP;UP;1.0;140418.0;357.0;558.0;112.2;561.0;236.0;236.0;391.92857142857093;159.0;11
2023.08.16 13:55;WIN$;161>_200;GAP;UP;1.0;140908.0;257.0;3615.0;96.0;480.0;236.0;236.0;456.8571428571424;171.0;12
2023.08.16 16:43;WIN$;74>_11;GAP;UP;1.0;140033.0;352.0;824.0;165.6;828.0;236.0;236.0;298.21428571428515;284.0;16
2023.08.17 10:19;WIN$;74>_11;GAP;UP;1.0;139976.0;392.0;1144.0;-80.4;-402.0;632.0;632.0;401.71428571428515;47.0;9
2023.08.17 11:32;WIN$;61>161;GAP;UP;1.0;139883.0;259.0;1256.0;-53.4;-267.0;632.0;632.0;396.28571428571365;172.0;11
2023.08.18 09:31;WIN$;100>161;PREVDAY;DOWN;1.0;138115.0;144.0;1322.0;-29.0;-145.0;142.0;0.0;236.71428571428504;47.0;9
2023.08.18 16:45;WIN$;61>161;PREVDAY;DOWN;1.0;139002.0;202.0;2209.0;15.6;78.0;142.0;0.0;264.9285714285708;76.0;14
2023.08.21 11:25;WIN$;74>_11;PREVDAY;UP;1.0;138777.0;463.0;1270.0;253.8;1269.0;236.0;0.0;266.99999999999955;402.0;9
2023.08.22 10:43;WIN$;61>161;GAP;UP;1.0;138428.0;770.0;1006.0;14.2;71.0;349.0;349.0;269.71428571428544;478.0;9
2023.08.22 16:01;WIN$;100>161;GAP;UP;1.0;138672.0;377.0;762.0;152.4;762.0;349.0;349.0;353.285714285714;130.0;11
2023.08.23 10:56;WIN$;61>161;GAP;UP;1.0;140176.0;452.0;658.0;133.8;669.0;249.0;249.0;236.7142857142853;301.0;10
2023.08.23 11:29;WIN$;161>_200;GAP;UP;1.0;140825.0;174.0;2665.0;-36.8;-184.0;249.0;249.0;291.14285714285677;71.0;11
2023.08.24 10:16;WIN$;61>161;GAP;DOWN;1.0;141528.0;481.0;542.0;108.4;542.0;65.0;65.0;232.07142857142824;301.0;9
2023.08.24 11:57;WIN$;61>161;GAP;DOWN;1.0;141493.0;428.0;507.0;103.6;518.0;65.0;65.0;323.49999999999966;348.0;11
2023.08.25 11:36;WIN$;100>161;PREVDAY;DOWN;1.0;139810.0;546.0;679.0;140.6;703.0;260.0;0.0;294.35714285714243;407.0;10
2023.08.25 12:43;WIN$;161>_200;PREVDAY;DOWN;1.0;139154.0;292.0;6301.0;-60.2;-301.0;260.0;0.0;404.57142857142816;147.0;12
2023.08.28 09:58;WIN$;61>161;PREVDAY;DOWN;1.0;139327.0;226.0;2283.0;-48.4;-242.0;212.0;0.0;218.99999999999955;153.0;9
2023.08.30 09:30;WIN$;161>_200;PREVDAY;UP;1.0;141889.0;262.0;6886.0;-18.4;-92.0;118.0;0.0;175.8571428571423;148.0;17
2023.08.30 10:28;WIN$;100>161;PREVDAY;UP;1.0;142238.0;252.0;1030.0;-52.2;-261.0;118.0;0.0;207.92857142857088;177.0;10
2023.08.30 15:02;WIN$;61>161;PREVDAY;UP;1.0;141665.0;317.0;1603.0;-65.2;-326.0;118.0;0.0;319.28571428571377;260.0;11
2023.08.31 13:19;WIN$;161>_200;PREVDAY;DOWN;1.0;139598.0;387.0;6384.0;45.8;229.0;153.0;0.0;407.21428571428504;319.0;11
2023.08.31 15:44;WIN$;161>_200;PREVDAY;DOWN;1.0;139674.0;251.0;6308.0;-50.2;-251.0;153.0;0.0;234.28571428571374;136.0;15
2023.09.01 10:29;WIN$;61>161;GAP;UP;1.0;139616.0;541.0;1090.0;219.4;1097.0;289.0;289.0;339.07142857142804;278.0;9
2023.09.01 11:09;WIN$;161>_200;GAP;UP;1.0;140612.0;175.0;4114.0;-35.6;-178.0;289.0;289.0;404.7142857142852;118.0;11
2023.09.04 10:11;WIN$;74>_11;PREVDAY;UP;1.0;140654.0;546.0;1782.0;-45.6;-228.0;224.0;0.0;217.9999999999995;242.0;9
2023.09.04 12:10;WIN$;100>161;PREVDAY;UP;1.0;141377.0;731.0;1215.0;19.6;98.0;224.0;0.0;290.57142857142804;673.0;10
2023.09.04 14:31;WIN$;100>161;PREVDAY;UP;1.0;141292.0;174.0;1300.0;-34.8;-174.0;224.0;0.0;170.78571428571385;118.0;14
2023.09.08 09:00;WIN$;61>161;PREVDAY;DOWN;1.0;139804.0;445.0;1395.0;485.2;2426.0;325.0;0.0;357.71428571428527;390.0;11
2023.09.08 10:28;WIN$;61>161;GAP;DOWN;1.0;137549.0;309.0;1493.0;-62.0;-310.0;879.0;879.0;268.28571428571394;94.0;10
2023.09.11 10:01;WIN$;100>161;GAP;UP;1.0;139107.0;322.0;492.0;-65.0;-325.0;301.0;301.0;256.99999999999955;242.0;9
2023.09.11 12:07;WIN$;61>161;GAP;UP;1.0;138706.0;440.0;893.0;-88.2;-441.0;301.0;301.0;310.2857142857138;372.0;11
2023.09.11 15:24;WIN$;100>161;GAP;UP;1.0;139072.0;411.0;527.0;107.0;535.0;301.0;301.0;242.92857142857096;302.0;14
2023.09.12 10:26;WIN$;100>161;PREVDAY;UP;1.0;140077.0;347.0;1096.0;-74.8;-374.0;148.0;0.0;189.2857142857138;76.0;9
2023.09.13 09:30;WIN$;61>161;PREVDAY;UP;1.0;140626.0;270.0;1371.0;-54.0;-270.0;207.0;0.0;181.99999999999937;142.0;9
2023.09.13 11:37;WIN$;100>161;PREVDAY;UP;1.0;141138.0;741.0;859.0;173.6;868.0;207.0;0.0;286.85714285714226;667.0;10
2023.09.13 14:11;WIN$;161>_200;PREVDAY;UP;1.0;141994.0;228.0;5127.0;-33.4;-167.0;207.0;0.0;409.9285714285709;106.0;13
2023.09.13 17:50;WIN$;100>161;PREVDAY;UP;1.0;141123.0;100.0;874.0;-20.6;-103.0;207.0;0.0;213.7857142857137;18.0;17
2023.09.14 10:27;WIN$;100>161;GAP;UP;1.0;142226.0;429.0;691.0;-86.4;-432.0;603.0;603.0;287.71428571428515;130.0;10
2023.09.14 10:35;WIN$;74>_11;GAP;UP;1.0;141777.0;498.0;952.0;-101.6;-508.0;603.0;603.0;301.64285714285654;455.0;10
2023.09.14 11:11;WIN$;100>161;GAP;UP;1.0;142220.0;541.0;697.0;-108.8;-544.0;603.0;603.0;336.6428571428566;443.0;10
2023.09.15 10:50;WIN$;61>161;GAP;UP;1.0;142020.0;406.0;897.0;20.0;100.0;177.0;177.0;382.64285714285654;336.0;11
2023.09.19 10:42;WIN$;61>161;PREVDAY;DOWN;1.0;141516.0;883.0;976.0;195.0;975.0;171.0;0.0;280.1428571428566;780.0;10
2023.09.19 14:47;WIN$;100>161;PREVDAY;DOWN;1.0;140666.0;434.0;975.0;-87.0;-435.0;171.0;0.0;267.4285714285708;319.0;10
2023.09.20 09:43;WIN$;61>161;GAP;UP;1.0;140791.0;275.0;393.0;-55.0;-275.0;95.0;95.0;217.28571428571382;207.0;9
2023.09.21 09:16;WIN$;161>_200;GAP;DOWN;1.0;141098.0;309.0;1839.0;367.6;1838.0;874.0;874.0;312.35714285714243;130.0;17
2023.09.21 10:59;WIN$;100>161;GAP;DOWN;1.0;139278.0;275.0;993.0;198.4;992.0;874.0;874.0;395.14285714285666;201.0;9
2023.09.21 12:23;WIN$;161>_200;GAP;DOWN;1.0;138671.0;488.0;6257.0;20.0;100.0;874.0;874.0;434.92857142857093;390.0;11
2023.09.21 17:46;WIN$;161>_200;GAP;DOWN;1.0;138281.0;311.0;6647.0;-62.2;-311.0;874.0;874.0;222.2857142857138;236.0;17
2023.09.22 12:02;WIN$;61>161;GAP;UP;1.0;138808.0;288.0;1109.0;-57.6;-288.0;514.0;514.0;359.7142857142852;201.0;11
2023.09.25 10:56;WIN$;61>161;GAP;DOWN;1.0;137442.0;445.0;936.0;-90.0;-450.0;590.0;590.0;298.2142857142852;230.0;10
2023.09.26 10:21;WIN$;100>161;GAP;DOWN;1.0;136993.0;127.0;771.0;-28.0;-140.0;307.0;307.0;256.21428571428527;71.0;10
2023.09.26 16:14;WIN$;161>_200;GAP;DOWN;1.0;136250.0;335.0;4693.0;-69.8;-349.0;307.0;307.0;232.35714285714252;242.0;15
2023.09.27 11:08;WIN$;100>161;GAP;UP;1.0;136499.0;217.0;562.0;-46.2;-231.0;478.0;478.0;243.21428571428535;130.0;10
2023.09.27 11:55;WIN$;61>161;GAP;UP;1.0;136308.0;457.0;753.0;-92.2;-461.0;478.0;478.0;341.49999999999955;366.0;11
2023.09.29 10:23;WIN$;61>161;GAP;UP;1.0;138310.0;269.0;964.0;16.0;80.0;419.0;419.0;281.35714285714243;171.0;9
2023.09.29 10:56;WIN$;74>_11;GAP;UP;1.0;138304.0;398.0;926.0;-79.8;-399.0;419.0;419.0;330.28571428571394;266.0;10
2023.10.02 09:02;WIN$;61>161;GAP;UP;1.0;138333.0;233.0;941.0;-47.2;-236.0;419.0;419.0;267.28571428571394;159.0;17
2023.10.02 10:24;WIN$;100>161;GAP;DOWN;1.0;137878.0;387.0;413.0;-82.2;-411.0;77.0;77.0;239.49999999999974;330.0;10
2023.10.03 10:07;WIN$;61>161;GAP;DOWN;1.0;135486.0;388.0;1206.0;-77.8;-389.0;667.0;667.0;255.99999999999974;337.0;9
2023.10.03 15:28;WIN$;100>161;GAP;DOWN;1.0;135146.0;185.0;866.0;173.0;865.0;667.0;667.0;326.85714285714255;88.0;14
2023.10.04 10:23;WIN$;161>_200;GAP;UP;1.0;134355.0;264.0;5160.0;20.0;100.0;271.0;271.0;271.42857142857116;112.0;16
2023.10.04 10:23;WIN$;61>161;GAP;UP;1.0;134456.0;5.0;1299.0;-1.0;-5.0;271.0;271.0;317.14285714285694;165.0;10
2023.10.04 14:03;WIN$;100>161;GAP;UP;1.0;135212.0;306.0;543.0;-61.2;-306.0;271.0;271.0;399.4999999999996;236.0;13
2023.10.04 16:12;WIN$;74>_11;GAP;UP;1.0;134744.0;368.0;753.0;-2.4;-12.0;271.0;271.0;363.64285714285677;289.0;14
2023.10.04 17:25;WIN$;61>161;GAP;UP;1.0;134880.0;317.0;875.0;-64.2;-321.0;271.0;271.0;224.99999999999966;248.0;16
2023.10.05 09:59;WIN$;61>161;PREVDAY;DOWN;1.0;134264.0;311.0;1159.0;-62.6;-313.0;183.0;0.0;224.78571428571396;254.0;9
2023.10.05 15:46;WIN$;100>161;PREVDAY;DOWN;1.0;133857.0;322.0;752.0;-64.6;-323.0;183.0;0.0;397.7142857142854;124.0;12
2023.10.09 10:09;WIN$;61>161;GAP;DOWN;1.0;134187.0;577.0;1165.0;-118.6;-593.0;632.0;632.0;307.7142857142856;443.0;9
2023.10.10 11:05;WIN$;61>161;GAP;UP;1.0;137087.0;392.0;856.0;171.4;857.0;171.0;171.0;252.57142857142856;54.0;10
2023.10.10 12:25;WIN$;161>_200;GAP;UP;1.0;137932.0;133.0;3169.0;-28.6;-143.0;171.0;171.0;322.07142857142856;29.0;12
2023.10.11 09:30;WIN$;61>161;GAP;UP;1.0;138643.0;165.0;1041.0;-33.6;-168.0;378.0;378.0;256.0714285714285;118.0;9
2023.10.13 10:07;WIN$;61>161;GAP;DOWN;1.0;137713.0;393.0;1336.0;-79.4;-397.0;567.0;567.0;318.64285714285717;107.0;9
2023.10.16 10:04;WIN$;100>161;GAP;UP;1.0;137880.0;158.0;645.0;-33.4;-167.0;437.0;437.0;278.35714285714283;59.0;10
2023.10.16 11:08;WIN$;61>161;GAP;UP;1.0;137448.0;328.0;1077.0;-67.4;-337.0;437.0;437.0;336.6428571428571;195.0;10
2023.10.16 13:51;WIN$;74>_11;GAP;UP;1.0;137553.0;269.0;944.0;-54.0;-270.0;437.0;437.0;360.71428571428567;148.0;12
2023.10.16 14:23;WIN$;100>161;GAP;UP;1.0;137892.0;276.0;633.0;-55.2;-276.0;437.0;437.0;274.1428571428571;219.0;14
2023.10.16 16:31;WIN$;74>_11;GAP;UP;1.0;137483.0;534.0;874.0;-108.8;-544.0;437.0;437.0;265.2142857142857;473.0;14
2023.10.17 14:26;WIN$;61>161;PREVDAY;UP;1.0;137844.0;186.0;1063.0;-38.0;-190.0;218.0;0.0;331.0714285714286;124.0;12
2023.10.18 11:52;WIN$;61>161;GAP;DOWN;1.0;136115.0;487.0;826.0;165.0;825.0;116.0;116.0;259.28571428571433;145.0;9
2023.10.18 13:22;WIN$;161>_200;GAP;DOWN;1.0;135343.0;167.0;3387.0;-13.8;-69.0;116.0;116.0;332.0;93.0;12
2023.10.19 13:02;WIN$;61>161;PREVDAY;DOWN;1.0;135314.0;352.0;1961.0;-73.4;-367.0;122.0;0.0;332.0;198.0;13
2023.10.20 10:14;WIN$;100>161;PREVDAY;UP;1.0;134540.0;218.0;1187.0;17.4;87.0;180.0;0.0;281.07142857142856;163.0;17
2023.10.23 10:47;WIN$;61>161;GAP;DOWN;1.0;132847.0;167.0;1117.0;19.8;99.0;314.0;314.0;267.5;88.0;9
2023.10.23 10:48;WIN$;100>161;GAP;DOWN;1.0;132747.0;51.0;1017.0;-12.2;-61.0;314.0;314.0;321.9285714285714;192.0;10
2023.10.24 10:15;WIN$;100>161;GAP;UP;1.0;134360.0;173.0;666.0;-37.4;-187.0;296.0;296.0;284.07142857142844;70.0;10
2023.10.24 11:40;WIN$;61>161;GAP;UP;1.0;134164.0;430.0;862.0;18.2;91.0;296.0;296.0;289.8571428571427;291.0;10
2023.10.24 13:49;WIN$;74>_11;GAP;UP;1.0;133953.0;392.0;865.0;172.8;864.0;296.0;296.0;337.2857142857141;262.0;12
2023.10.25 10:35;WIN$;61>161;PREVDAY;UP;1.0;134295.0;526.0;731.0;-107.0;-535.0;187.0;0.0;262.4999999999997;471.0;16
2023.10.25 11:33;WIN$;74>_11;PREVDAY;UP;1.0;133761.0;840.0;958.0;19.8;99.0;187.0;0.0;316.7142857142855;297.0;10
2023.10.27 16:25;WIN$;74>_11;PREVDAY;UP;1.0;134870.0;266.0;3067.0;257.8;1289.0;175.0;0.0;327.7857142857141;157.0;13
2023.10.30 10:25;WIN$;74>_11;GAP;UP;1.0;134464.0;405.0;1033.0;18.4;92.0;465.0;465.0;353.2142857142856;267.0;9
2023.10.31 10:13;WIN$;74>_11;GAP;UP;1.0;132796.0;375.0;714.0;142.6;713.0;203.0;203.0;290.3571428571427;250.0;9
2023.10.31 13:33;WIN$;161>_200;GAP;UP;1.0;133470.0;294.0;3106.0;-19.8;-99.0;203.0;203.0;495.4285714285712;244.0;13
2023.10.31 15:18;WIN$;100>161;GAP;UP;1.0;133191.0;266.0;476.0;-54.8;-274.0;203.0;203.0;337.785714285714;192.0;14
2023.11.01 09:30;WIN$;61>161;PREVDAY;UP;1.0;133115.0;451.0;552.0;110.4;552.0;250.0;0.0;317.3571428571426;372.0;15
2023.11.01 11:06;WIN$;100>161;PREVDAY;UP;1.0;133912.0;289.0;950.0;190.6;953.0;250.0;0.0;307.9285714285712;244.0;10
2023.11.01 13:59;WIN$;161>_200;PREVDAY;UP;1.0;134835.0;371.0;6558.0;-11.6;-58.0;250.0;0.0;377.49999999999983;204.0;12
2023.11.03 10:42;WIN$;100>161;GAP;UP;1.0;137508.0;413.0;936.0;187.4;937.0;942.0;942.0;453.78571428571433;320.0;9
2023.11.03 11:37;WIN$;161>_200;GAP;UP;1.0;138360.0;731.0;5850.0;16.0;80.0;942.0;942.0;532.4285714285714;384.0;11
2023.11.06 10:12;WIN$;100>161;PREVDAY;UP;1.0;139467.0;179.0;1517.0;-35.8;-179.0;157.0;0.0;206.00000000000003;122.0;9
2023.11.07 10:09;WIN$;61>161;GAP;DOWN;1.0;138675.0;276.0;890.0;-55.8;-279.0;373.0;373.0;234.92857142857153;145.0;9
2023.11.08 12:01;WIN$;100>161;PREVDAY;UP;1.0;140612.0;400.0;1334.0;-80.4;-402.0;163.0;0.0;243.42857142857153;151.0;11
2023.11.08 15:04;WIN$;74>_11;PREVDAY;UP;1.0;139897.0;375.0;1748.0;52.8;264.0;163.0;0.0;289.07142857142867;267.0;13
2023.11.08 18:20;WIN$;61>161;PREVDAY;UP;1.0;140001.0;591.0;1945.0;-12.8;-64.0;163.0;0.0;332.2857142857144;383.0;15
2023.11.09 10:32;WIN$;61>161;PREVDAY;UP;1.0;140328.0;238.0;1822.0;-49.2;-246.0;93.0;0.0;190.78571428571448;40.0;9
2023.11.09 13:03;WIN$;100>161;PREVDAY;UP;1.0;141165.0;429.0;985.0;-85.8;-429.0;93.0;0.0;290.857142857143;332.0;11
2023.11.09 15:18;WIN$;74>_11;PREVDAY;UP;1.0;140430.0;272.0;1460.0;19.8;99.0;93.0;0.0;262.6428571428573;209.0;14
2023.11.09 16:02;WIN$;61>161;PREVDAY;UP;1.0;140414.0;440.0;1736.0;-88.0;-440.0;93.0;0.0;315.35714285714306;162.0;15
2023.11.13 10:42;WIN$;100>161;GAP;DOWN;1.0;141136.0;229.0;317.0;65.2;326.0;169.0;169.0;198.71428571428586;145.0;9
2023.11.13 13:36;WIN$;161>_200;GAP;DOWN;1.0;140891.0;359.0;2117.0;38.8;194.0;169.0;169.0;291.9285714285716;227.0;12
2023.11.13 18:20;WIN$;100>161;GAP;DOWN;1.0;141163.0;312.0;344.0;-36.4;-182.0;169.0;169.0;262.4285714285717;250.0;16
2023.11.14 10:11;WIN$;100>161;PREVDAY;UP;1.0;141550.0;221.0;529.0;106.6;533.0;204.0;0.0;205.78571428571448;134.0;9
2023.11.16 13:26;WIN$;100>161;PREVDAY;UP;1.0;145252.0;248.0;2224.0;-49.6;-248.0;407.0;0.0;282.85714285714306;110.0;10
2023.11.17 16:33;WIN$;100>161;PREVDAY;UP;1.0;146370.0;365.0;1212.0;17.2;86.0;163.0;0.0;206.85714285714312;221.0;9
2023.11.20 10:34;WIN$;61>161;PREVDAY;UP;1.0;146863.0;416.0;905.0;-84.8;-424.0;198.0;0.0;222.50000000000028;331.0;10
2023.11.20 11:41;WIN$;74>_11;PREVDAY;UP;1.0;146439.0;590.0;640.0;-102.2;-511.0;198.0;0.0;242.00000000000028;308.0;10
2023.11.20 15:22;WIN$;100>161;PREVDAY;UP;1.0;147154.0;341.0;614.0;122.8;614.0;198.0;0.0;292.8571428571431;93.0;12
2023.11.20 18:16;WIN$;161>_200;PREVDAY;UP;1.0;147705.0;185.0;4040.0;-16.2;-81.0;198.0;0.0;184.35714285714312;76.0;15
2023.11.21 12:05;WIN$;61>161;PREVDAY;UP;1.0;147411.0;464.0;1354.0;-96.8;-484.0;210.0;0.0;256.64285714285745;291.0;11
2023.11.22 10:14;WIN$;100>161;GAP;UP;1.0;147770.0;288.0;352.0;-58.4;-292.0;58.0;58.0;209.00000000000023;181.0;9
2023.11.22 10:19;WIN$;74>_11;GAP;UP;1.0;147514.0;423.0;493.0;-85.2;-426.0;58.0;58.0;210.7857142857145;338.0;10
2023.11.22 13:30;WIN$;161>_200;GAP;UP;1.0;147916.0;288.0;2088.0;-27.6;-138.0;58.0;58.0;315.2857142857145;238.0;12
2023.11.23 18:20;WIN$;61>161;PREVDAY;UP;1.0;147922.0;359.0;1712.0;60.4;302.0;145.0;0.0;263.3571428571433;245.0;11
2023.11.27 14:36;WIN$;100>161;PREVDAY;DOWN;1.0;146456.0;434.0;804.0;19.8;99.0;244.0;0.0;274.571428571429;244.0;11
2023.11.28 13:06;WIN$;61>161;PREVDAY;UP;1.0;146945.0;446.0;1194.0;239.6;1198.0;116.0;0.0;187.85714285714323;255.0;9
2023.11.28 16:40;WIN$;161>_200;PREVDAY;UP;1.0;148124.0;109.0;4866.0;36.8;184.0;116.0;0.0;239.3571428571433;53.0;14
2023.11.29 10:34;WIN$;100>161;PREVDAY;UP;1.0;148366.0;448.0;1088.0;-89.6;-448.0;175.0;0.0;188.00000000000045;181.0;9
2023.11.29 11:07;WIN$;74>_11;PREVDAY;UP;1.0;147719.0;270.0;1426.0;-57.0;-285.0;175.0;0.0;235.78571428571473;169.0;11
2023.11.29 17:19;WIN$;61>161;PREVDAY;UP;1.0;147642.0;340.0;1812.0;-68.0;-340.0;175.0;0.0;336.64285714285757;133.0;13
2023.11.30 10:13;WIN$;100>161;GAP;UP;1.0;147904.0;248.0;301.0;60.4;302.0;151.0;151.0;231.71428571428615;157.0;9
2023.11.30 12:54;WIN$;161>_200;GAP;UP;1.0;148132.0;264.0;2304.0;82.0;410.0;151.0;151.0;266.1428571428576;203.0;11
2023.11.30 14:44;WIN$;61>161;GAP;UP;1.0;147722.0;397.0;483.0;96.6;483.0;151.0;151.0;319.21428571428623;163.0;12
2023.12.01 14:52;WIN$;100>161;GAP;UP;1.0;149179.0;278.0;306.0;62.6;313.0;53.0;53.0;340.3571428571434;123.0;14
2023.12.01 17:13;WIN$;161>_200;GAP;UP;1.0;149266.0;351.0;1612.0;-50.0;-250.0;53.0;53.0;315.00000000000057;227.0;15
2023.12.04 16:07;WIN$;61>161;GAP;DOWN;1.0;148637.0;521.0;868.0;177.8;889.0;529.0;529.0;286.5714285714291;390.0;12
2023.12.05 12:00;WIN$;61>161;PREVDAY;DOWN;1.0;147852.0;521.0;974.0;-112.8;-564.0;157.0;0.0;292.64285714285785;430.0;11
2023.12.05 14:07;WIN$;100>161;PREVDAY;DOWN;1.0;147590.0;608.0;712.0;-121.8;-609.0;157.0;0.0;406.3571428571436;523.0;12
2023.12.05 18:20;WIN$;61>161;PREVDAY;DOWN;1.0;148172.0;276.0;1294.0;52.2;261.0;157.0;0.0;266.14285714285785;203.0;17
2023.12.06 10:05;WIN$;100>161;GAP;UP;1.0;148615.0;179.0;446.0;-37.0;-185.0;325.0;325.0;238.3571428571435;64.0;9
2023.12.07 15:24;WIN$;61>161;PREVDAY;DOWN;1.0;147056.0;520.0;2351.0;19.8;99.0;157.0;0.0;238.42857142857207;343.0;11
2023.12.08 10:29;WIN$;61>161;PREVDAY;UP;1.0;147085.0;336.0;1217.0;-80.4;-402.0;181.0;0.0;217.14285714285776;140.0;9
2023.12.08 18:20;WIN$;100>161;PREVDAY;UP;1.0;147668.0;430.0;634.0;57.4;287.0;181.0;0.0;288.64285714285774;244.0;16
2023.12.11 10:33;WIN$;74>_11;PREVDAY;UP;1.0;147496.0;621.0;1576.0;-16.2;-81.0;192.0;0.0;261.28571428571485;360.0;9
2023.12.11 18:20;WIN$;61>161;PREVDAY;UP;1.0;147865.0;587.0;1741.0;-3.8;-19.0;192.0;0.0;238.57142857142912;535.0;11
2023.12.13 15:50;WIN$;61>161;PREVDAY;DOWN;1.0;147160.0;256.0;1730.0;-54.2;-271.0;168.0;0.0;259.3571428571434;126.0;12
2023.12.14 13:48;WIN$;161>_200;GAP;UP;1.0;152037.0;473.0;2512.0;9.0;45.0;92.0;92.0;336.64285714285774;309.0;12
2023.12.14 16:12;WIN$;74>_11;GAP;UP;1.0;151609.0;192.0;641.0;-38.6;-193.0;92.0;92.0;205.7857142857148;137.0;16
2023.12.14 18:20;WIN$;100>161;GAP;UP;1.0;151862.0;138.0;438.0;19.0;95.0;92.0;92.0;205.35714285714337;57.0;17
2023.12.15 10:27;WIN$;61>161;GAP;UP;1.0;152340.0;216.0;452.0;90.4;452.0;91.0;91.0;218.5714285714291;131.0;9
2023.12.15 11:29;WIN$;61>161;GAP;UP;1.0;152386.0;313.0;406.0;-62.6;-313.0;91.0;91.0;298.28571428571485;195.0;11
2023.12.18 12:34;WIN$;61>161;GAP;UP;1.0;151781.0;371.0;375.0;75.0;375.0;52.0;52.0;253.78571428571473;320.0;9
2023.12.19 13:51;WIN$;61>161;PREVDAY;UP;1.0;152398.0;342.0;1004.0;17.0;85.0;177.0;0.0;161.35714285714332;257.0;9
2023.12.20 11:26;WIN$;61>161;PREVDAY;UP;1.0;152862.0;200.0;1158.0;19.4;97.0;98.0;0.0;222.78571428571476;68.0;9
2023.12.20 13:11;WIN$;74>_11;PREVDAY;UP;1.0;152896.0;358.0;930.0;-21.6;-108.0;98.0;0.0;260.85714285714334;258.0;11
2023.12.20 16:39;WIN$;61>161;PREVDAY;UP;1.0;152902.0;360.0;1118.0;-78.0;-390.0;98.0;0.0;289.1428571428577;234.0;13
2023.12.21 10:30;WIN$;100>161;GAP;UP;1.0;152851.0;189.0;589.0;-39.8;-199.0;618.0;618.0;343.78571428571485;131.0;9
2023.12.22 10:45;WIN$;100>161;PREVDAY;UP;1.0;153524.0;193.0;673.0;-39.0;-195.0;154.0;0.0;184.42857142857207;137.0;9
2023.12.22 12:12;WIN$;74>_11;PREVDAY;UP;1.0;153215.0;404.0;943.0;-82.6;-413.0;154.0;0.0;235.2857142857149;349.0;12
2023.12.22 16:45;WIN$;161>_200;PREVDAY;UP;1.0;154032.0;274.0;3847.0;22.8;114.0;154.0;0.0;207.57142857142927;229.0;15
2023.12.26 09:37;WIN$;74>_11;PREVDAY;UP;1.0;153958.0;222.0;959.0;-44.6;-223.0;263.0;0.0;191.57142857142924;143.0;9
2023.12.26 18:16;WIN$;100>161;PREVDAY;UP;1.0;154400.0;246.0;604.0;122.0;610.0;263.0;0.0;188.64285714285785;120.0;10
2023.12.27 10:45;WIN$;74>_11;PREVDAY;UP;1.0;154656.0;181.0;963.0;-11.6;-58.0;165.0;0.0;146.1428571428578;120.0;9
2023.12.27 18:20;WIN$;100>161;PREVDAY;UP;1.0;155233.0;296.0;505.0;64.2;321.0;165.0;0.0;193.64285714285782;223.0;12
2023.12.28 11:35;WIN$;61>161;PREVDAY;UP;1.0;155230.0;298.0;1137.0;-59.6;-298.0;143.0;0.0;178.35714285714357;212.0;10
2023.12.28 14:17;WIN$;74>_11;PREVDAY;UP;1.0;155292.0;163.0;970.0;-34.2;-171.0;143.0;0.0;187.00000000000074;52.0;14
2023.12.28 18:20;WIN$;61>161;PREVDAY;UP;1.0;155210.0;147.0;1157.0;31.0;155.0;143.0;0.0;152.285714285715;57.0;17
2024.01.02 11:36;WIN$;61>161;GAP;DOWN;1.0;154159.0;575.0;892.0;-115.2;-576.0;647.0;647.0;215.7142857142864;509.0;9
2024.01.02 15:43;WIN$;100>161;GAP;DOWN;1.0;153890.0;450.0;623.0;126.6;633.0;647.0;647.0;350.00000000000074;366.0;12
2024.01.02 18:20;WIN$;161>_200;GAP;DOWN;1.0;153495.0;353.0;4656.0;1.0;5.0;647.0;647.0;269.64285714285785;297.0;18
2024.01.03 09:47;WIN$;61>161;GAP;DOWN;1.0;153037.0;274.0;719.0;-55.2;-276.0;160.0;160.0;250.0714285714293;114.0;9
2024.01.05 10:14;WIN$;100>161;PREVDAY;DOWN;1.0;151197.0;318.0;1443.0;-63.8;-319.0;149.0;0.0;271.71428571428646;268.0;9
2024.01.05 15:53;WIN$;61>161;PREVDAY;DOWN;1.0;152225.0;325.0;2471.0;-65.2;-326.0;149.0;0.0;314.4285714285723;223.0;14
2024.01.08 11:00;WIN$;100>161;GAP;DOWN;1.0;151398.0;329.0;755.0;-68.6;-343.0;624.0;624.0;308.42857142857235;91.0;10
2024.01.09 10:53;WIN$;61>161;GAP;DOWN;1.0;152283.0;427.0;820.0;19.8;99.0;383.0;383.0;277.7857142857151;378.0;9
2024.01.10 10:24;WIN$;61>161;PREVDAY;DOWN;1.0;151843.0;267.0;1283.0;17.4;87.0;246.0;0.0;206.85714285714366;160.0;9
2024.01.10 12:14;WIN$;100>161;PREVDAY;DOWN;1.0;151197.0;335.0;637.0;128.0;640.0;246.0;0.0;276.85714285714374;258.0;11
2024.01.11 15:06;WIN$;61>161;PREVDAY;DOWN;1.0;150693.0;742.0;1240.0;19.8;99.0;148.0;0.0;402.9285714285723;498.0;11
2024.01.15 18:20;WIN$;61>161;PREVDAY;UP;1.0;151592.0;331.0;1721.0;38.6;193.0;275.0;0.0;179.7142857142865;280.0;16
2024.01.16 09:51;WIN$;100>161;GAP;DOWN;1.0;150333.0;193.0;792.0;-39.8;-199.0;749.0;749.0;251.57142857142938;126.0;9
2024.01.17 16:44;WIN$;61>161;GAP;DOWN;1.0;147959.0;383.0;1285.0;-76.8;-384.0;395.0;395.0;328.92857142857207;309.0;13
2024.01.18 10:09;WIN$;61>161;GAP;UP;1.0;148705.0;440.0;864.0;-88.4;-442.0;418.0;418.0;279.42857142857207;349.0;9
2024.01.19 11:08;WIN$;74>_11;GAP;UP;1.0;147040.0;267.0;725.0;146.4;732.0;245.0;245.0;232.3571428571435;206.0;9
2024.01.19 18:15;WIN$;61>161;GAP;UP;1.0;147006.0;285.0;887.0;-57.0;-285.0;245.0;245.0;244.8571428571435;120.0;17
2024.01.22 10:29;WIN$;61>161;PREVDAY;DOWN;1.0;146256.0;765.0;1813.0;-153.6;-768.0;212.0;0.0;255.64285714285776;617.0;10
2024.01.22 17:25;WIN$;100>161;PREVDAY;DOWN;1.0;145100.0;532.0;657.0;-106.6;-533.0;212.0;0.0;300.5714285714292;475.0;15
2024.01.23 12:20;WIN$;61>161;GAP;UP;1.0;146327.0;595.0;661.0;132.2;661.0;263.0;263.0;263.4285714285721;400.0;9
2024.01.23 14:01;WIN$;100>161;GAP;UP;1.0;146538.0;280.0;450.0;90.0;450.0;263.0;263.0;400.21428571428635;183.0;13
2024.01.24 10:54;WIN$;74>_11;GAP;UP;1.0;148521.0;233.0;1235.0;-18.4;-92.0;686.0;686.0;283.07142857142924;80.0;10
2024.01.24 11:33;WIN$;61>161;GAP;UP;1.0;148636.0;434.0;1170.0;-86.8;-434.0;686.0;686.0;305.0714285714292;343.0;11
2024.01.24 14:49;WIN$;74>_11;GAP;UP;1.0;148202.0;494.0;916.0;52.8;264.0;686.0;686.0;341.2857142857149;91.0;11
2024.01.25 10:03;WIN$;100>161;GAP;UP;1.0;147452.0;302.0;451.0;-60.4;-302.0;166.0;166.0;241.35714285714351;137.0;9
2024.01.25 12:07;WIN$;61>161;GAP;UP;1.0;147357.0;459.0;546.0;20.0;100.0;166.0;166.0;266.28571428571496;394.0;10
2024.01.25 12:35;WIN$;100>161;GAP;UP;1.0;147458.0;365.0;445.0;-75.6;-378.0;166.0;166.0;407.1428571428578;606.0;12
2024.01.25 13:30;WIN$;74>_11;GAP;UP;1.0;147182.0;131.0;611.0;-26.4;-132.0;166.0;166.0;414.14285714285774;80.0;13
2024.01.25 17:06;WIN$;100>161;GAP;UP;1.0;147481.0;303.0;422.0;-61.2;-306.0;166.0;166.0;334.928571428572;223.0;14
2024.01.25 18:20;WIN$;61>161;GAP;UP;1.0;147143.0;359.0;760.0;12.6;63.0;166.0;166.0;287.21428571428635;74.0;17
2024.01.26 17:40;WIN$;61>161;GAP;UP;1.0;147886.0;913.0;1272.0;20.0;100.0;332.0;332.0;384.57142857142935;841.0;11
2024.01.29 11:28;WIN$;61>161;PREVDAY;UP;1.0;147949.0;365.0;1506.0;-75.6;-378.0;183.0;0.0;256.42857142857207;263.0;10
2024.01.30 18:20;WIN$;61>161;PREVDAY;DOWN;1.0;147235.0;461.0;1437.0;236.6;1183.0;177.0;0.0;247.78571428571507;332.0;10
2024.02.02 10:30;WIN$;100>161;PREVDAY;UP;1.0;147726.0;468.0;730.0;-115.4;-577.0;183.0;0.0;253.00000000000088;314.0;10
2024.02.05 15:27;WIN$;61>161;PREVDAY;DOWN;1.0;145965.0;290.0;2602.0;19.0;95.0;246.0;0.0;258.5714285714294;240.0;11
2024.02.05 17:27;WIN$;61>161;PREVDAY;DOWN;1.0;146102.0;313.0;2739.0;-63.0;-315.0;246.0;0.0;240.0000000000009;229.0;17
2024.02.06 10:18;WIN$;100>161;PREVDAY;UP;1.0;146508.0;330.0;989.0;204.6;1023.0;188.0;0.0;261.642857142858;137.0;9
2024.02.07 11:30;WIN$;61>161;GAP;DOWN;1.0;148985.0;472.0;615.0;122.8;614.0;286.0;286.0;253.07142857142952;418.0;9
2024.02.07 15:09;WIN$;161>_200;GAP;DOWN;1.0;148380.0;241.0;3485.0;-20.0;-100.0;286.0;286.0;245.42857142857233;165.0;14
2024.02.08 10:04;WIN$;61>161;GAP;DOWN;1.0;148275.0;273.0;633.0;-55.0;-275.0;98.0;98.0;227.4285714285723;223.0;9
2024.02.09 15:01;WIN$;100>161;PREVDAY;DOWN;1.0;146256.0;393.0;1514.0;-78.8;-394.0;332.0;0.0;414.85714285714374;303.0;12
2024.02.14 18:20;WIN$;100>161;GAP;DOWN;1.0;145041.0;257.0;701.0;-28.2;-141.0;430.0;430.0;334.85714285714374;146.0;14
2024.02.15 10:03;WIN$;100>161;GAP;UP;1.0;145733.0;119.0;358.0;-25.6;-128.0;168.0;168.0;201.14285714285805;56.0;10
2024.02.15 10:48;WIN$;61>161;GAP;UP;1.0;145536.0;321.0;555.0;-64.2;-321.0;168.0;168.0;227.5000000000009;242.0;10
2024.02.15 18:20;WIN$;100>161;GAP;UP;1.0;145755.0;287.0;336.0;22.2;111.0;168.0;168.0;260.0000000000009;197.0;14
2024.02.16 10:08;WIN$;100>161;GAP;UP;1.0;146559.0;203.0;278.0;55.6;278.0;208.0;208.0;183.0714285714295;112.0;9
2024.02.16 12:13;WIN$;161>_200;GAP;UP;1.0;145945.0;1045.0;1405.0;-210.4;-1052.0;208.0;208.0;266.92857142857235;972.0;10
2024.02.19 11:27;WIN$;100>161;GAP;DOWN;1.0;146468.0;201.0;280.0;-40.4;-202.0;197.0;197.0;187.35714285714383;140.0;10
2024.02.21 11:44;WIN$;61>161;GAP;DOWN;1.0;147946.0;308.0;575.0;-64.2;-321.0;214.0;214.0;253.0714285714296;90.0;11
2024.02.22 10:42;WIN$;74>_11;GAP;UP;1.0;149091.0;264.0;1013.0;8.8;44.0;416.0;416.0;280.0000000000009;163.0;9
2024.02.22 11:33;WIN$;61>161;GAP;UP;1.0;149069.0;409.0;1186.0;-86.2;-431.0;416.0;416.0;251.78571428571522;146.0;10
2024.02.23 13:06;WIN$;61>161;PREVDAY;DOWN;1.0;148575.0;353.0;1242.0;248.2;1241.0;146.0;0.0;206.7857142857152;163.0;10
2024.02.23 15:54;WIN$;161>_200;PREVDAY;DOWN;1.0;147340.0;231.0;4794.0;16.6;83.0;146.0;0.0;247.78571428571524;163.0;13
2024.02.23 18:20;WIN$;161>_200;PREVDAY;DOWN;1.0;147413.0;276.0;4721.0;30.0;150.0;146.0;0.0;181.7142857142867;163.0;17
2024.02.26 11:54;WIN$;61>161;PREVDAY;DOWN;1.0;147676.0;224.0;1727.0;-45.0;-225.0;304.0;0.0;259.7857142857153;135.0;11
2024.02.27 10:30;WIN$;61>161;GAP;UP;1.0;148508.0;393.0;827.0;168.4;842.0;343.0;343.0;222.0000000000011;326.0;9
2024.02.27 12:00;WIN$;161>_200;GAP;UP;1.0;149328.0;235.0;3980.0;-47.2;-236.0;343.0;343.0;277.8571428571439;50.0;11
2024.02.28 14:23;WIN$;100>161;GAP;DOWN;1.0;149075.0;258.0;628.0;126.8;634.0;511.0;511.0;264.71428571428686;106.0;11
2024.02.29 10:31;WIN$;61>161;PREVDAY;DOWN;1.0;147896.0;813.0;1345.0;15.8;79.0;241.0;0.0;256.9285714285726;685.0;9
2024.02.29 18:20;WIN$;161>_200;PREVDAY;DOWN;1.0;146615.0;237.0;6687.0;80.8;404.0;241.0;0.0;172.50000000000122;175.0;17
2024.03.01 10:23;WIN$;61>161;PREVDAY;DOWN;1.0;147249.0;207.0;2227.0;16.8;84.0;304.0;0.0;243.14285714285842;113.0;10
2024.03.01 18:20;WIN$;61>161;PREVDAY;DOWN;1.0;146934.0;438.0;1912.0;23.4;117.0;304.0;0.0;245.1428571428584;377.0;15
2024.03.04 10:04;WIN$;61>161;PREVDAY;DOWN;1.0;146811.0;156.0;1199.0;-32.6;-163.0;236.0;0.0;164.7857142857155;67.0;9
2024.03.04 18:20;WIN$;100>161;PREVDAY;DOWN;1.0;146276.0;337.0;664.0;59.2;296.0;236.0;0.0;239.1428571428584;236.0;11
2024.03.05 14:29;WIN$;61>161;PREVDAY;DOWN;1.0;146260.0;443.0;1232.0;19.2;96.0;129.0;0.0;280.14285714285836;79.0;12
2024.03.05 18:20;WIN$;100>161;PREVDAY;DOWN;1.0;145771.0;224.0;743.0;-8.0;-40.0;129.0;0.0;308.5714285714298;140.0;15
2024.03.06 10:28;WIN$;74>_11;GAP;UP;1.0;146382.0;321.0;839.0;-9.4;-47.0;410.0;410.0;227.21428571428697;202.0;9
2024.03.06 15:51;WIN$;61>161;GAP;UP;1.0;146425.0;502.0;815.0;18.6;93.0;410.0;410.0;252.5000000000013;371.0;10
2024.03.06 18:20;WIN$;74>_11;GAP;UP;1.0;146350.0;286.0;807.0;-15.8;-79.0;410.0;410.0;211.57142857142986;219.0;16
2024.03.07 10:52;WIN$;61>161;PREVDAY;UP;1.0;146603.0;281.0;998.0;-56.2;-281.0;118.0;0.0;192.64285714285847;146.0;10
2024.03.08 17:55;WIN$;61>161;GAP;DOWN;1.0;143978.0;309.0;2783.0;-62.0;-310.0;2316.0;2316.0;265.9285714285727;241.0;17
2024.03.11 10:11;WIN$;100>161;GAP;DOWN;1.0;143124.0;207.0;711.0;-41.6;-208.0;494.0;494.0;286.0000000000012;68.0;9
2024.03.11 14:05;WIN$;61>161;GAP;DOWN;1.0;143450.0;241.0;1037.0;-48.6;-243.0;494.0;494.0;283.857142857144;141.0;12
2024.03.12 10:01;WIN$;61>161;GAP;UP;1.0;144232.0;585.0;833.0;17.8;89.0;320.0;320.0;266.35714285714397;517.0;9
2024.03.12 11:42;WIN$;74>_11;GAP;UP;1.0;143973.0;319.0;840.0;-59.6;-298.0;320.0;320.0;357.28571428571536;152.0;11
2024.03.12 15:09;WIN$;61>161;GAP;UP;1.0;144271.0;607.0;794.0;158.8;794.0;320.0;320.0;433.0714285714296;258.0;11
2024.03.12 18:20;WIN$;161>_200;GAP;UP;1.0;145052.0;280.0;4014.0;16.8;84.0;320.0;320.0;216.42857142857247;219.0;16
2024.03.13 16:28;WIN$;61>161;PREVDAY;UP;1.0;145063.0;551.0;1342.0;20.0;100.0;152.0;0.0;221.50000000000105;501.0;10
2024.03.13 18:20;WIN$;100>161;PREVDAY;UP;1.0;145424.0;316.0;981.0;-6.0;-30.0;152.0;0.0;200.92857142857244;230.0;17
2024.03.14 10:27;WIN$;61>161;PREVDAY;UP;1.0;145293.0;280.0;1398.0;-56.2;-281.0;174.0;0.0;218.78571428571533;85.0;9
2024.03.15 18:15;WIN$;61>161;PREVDAY;DOWN;1.0;144601.0;455.0;1347.0;269.4;1347.0;107.0;0.0;197.00000000000102;303.0;9
2024.03.18 11:52;WIN$;74>_11;GAP;UP;1.0;144080.0;482.0;974.0;195.0;975.0;607.0;607.0;250.64285714285813;241.0;10
2024.03.20 12:25;WIN$;61>161;GAP;DOWN;1.0;144232.0;195.0;507.0;-39.2;-196.0;79.0;79.0;259.000000000001;106.0;11
2024.03.21 14:13;WIN$;74>_11;PREVDAY;UP;1.0;146052.0;426.0;2331.0;150.2;751.0;281.0;0.0;228.00000000000125;359.0;10
2024.03.22 14:21;WIN$;100>161;PREVDAY;DOWN;1.0;144505.0;372.0;879.0;175.6;878.0;129.0;0.0;173.0714285714298;287.0;9
2024.03.22 16:17;WIN$;161>_200;PREVDAY;DOWN;1.0;143669.0;258.0;6788.0;-38.0;-190.0;129.0;0.0;178.5000000000012;56.0;15
2024.03.25 09:50;WIN$;100>161;PREVDAY;DOWN;1.0;143422.0;213.0;841.0;-42.8;-214.0;141.0;0.0;173.7857142857155;163.0;9
2024.03.26 11:00;WIN$;61>161;PREVDAY;DOWN;1.0;143107.0;415.0;501.0;-85.2;-426.0;107.0;0.0;149.71428571428692;360.0;9
2024.03.27 11:35;WIN$;61>161;PREVDAY;DOWN;1.0;143190.0;540.0;916.0;18.6;93.0;73.0;0.0;114.64285714285836;444.0;9
2024.03.28 14:11;WIN$;100>161;PREVDAY;UP;1.0;144412.0;686.0;1134.0;18.8;94.0;292.0;0.0;228.35714285714408;590.0;10
2024.04.01 10:35;WIN$;100>161;PREVDAY;UP;1.0;145114.0;360.0;721.0;-74.0;-370.0;147.0;0.0;178.57142857142983;292.0;10
2024.04.01 12:40;WIN$;74>_11;PREVDAY;UP;1.0;144488.0;731.0;995.0;199.6;998.0;147.0;0.0;222.28571428571556;624.0;10
2024.04.02 10:12;WIN$;100>161;PREVDAY;DOWN;1.0;142917.0;420.0;1196.0;-85.4;-427.0;107.0;0.0;176.00000000000128;354.0;9
2024.04.02 18:20;WIN$;61>161;PREVDAY;DOWN;1.0;143843.0;140.0;2122.0;16.6;83.0;107.0;0.0;193.42857142857272;73.0;17
2024.04.03 18:20;WIN$;61>161;PREVDAY;UP;1.0;143727.0;440.0;1060.0;-45.4;-227.0;203.0;0.0;235.00000000000136;394.0;14
2024.04.04 12:12;WIN$;161>_200;PREVDAY;UP;1.0;145050.0;613.0;6417.0;-54.2;-271.0;90.0;0.0;356.1428571428586;495.0;11
2024.04.04 18:20;WIN$;74>_11;PREVDAY;UP;1.0;143591.0;280.0;1531.0;13.4;67.0;90.0;0.0;316.2857142857158;124.0;16
2024.04.05 11:58;WIN$;100>161;PREVDAY;DOWN;1.0;143016.0;546.0;1434.0;16.0;80.0;213.0;0.0;349.0000000000015;438.0;10
2024.04.05 16:50;WIN$;100>161;PREVDAY;DOWN;1.0;143215.0;223.0;1633.0;19.2;96.0;213.0;0.0;333.21428571428714;168.0;14
2024.04.09 10:37;WIN$;100>161;PREVDAY;UP;1.0;145687.0;489.0;1699.0;16.8;84.0;376.0;0.0;281.2142857142872;309.0;9
2024.04.09 16:10;WIN$;100>161;PREVDAY;UP;1.0;145705.0;226.0;1681.0;18.8;94.0;376.0;0.0;259.64285714285865;163.0;14
2024.04.10 09:30;WIN$;61>161;GAP;UP;1.0;147356.0;624.0;717.0;-124.8;-624.0;241.0;241.0;252.5000000000015;573.0;9
2024.04.11 09:30;WIN$;100>161;PREVDAY;DOWN;1.0;143687.0;588.0;2328.0;19.8;99.0;236.0;0.0;238.8571428571445;118.0;9
2024.04.11 12:40;WIN$;100>161;PREVDAY;DOWN;1.0;143651.0;360.0;2292.0;19.8;99.0;236.0;0.0;323.14285714285876;134.0;10
2024.04.12 14:19;WIN$;61>161;PREVDAY;DOWN;1.0;143337.0;427.0;1230.0;245.8;1229.0;202.0;0.0;223.07142857143026;270.0;9
2024.04.16 13:12;WIN$;161>_200;PREVDAY;DOWN;1.0;139517.0;478.0;6822.0;146.0;730.0;84.0;0.0;309.0000000000019;219.0;11
2024.04.17 10:32;WIN$;61>161;GAP;UP;1.0;140357.0;222.0;1490.0;-48.8;-244.0;506.0;506.0;304.8571428571448;171.0;9
2024.04.17 13:10;WIN$;74>_11;GAP;UP;1.0;140116.0;634.0;915.0;184.4;922.0;506.0;506.0;355.8571428571448;227.0;10
2024.04.18 10:15;WIN$;61>161;PREVDAY;DOWN;1.0;139237.0;837.0;1730.0;-170.4;-852.0;249.0;0.0;271.7857142857162;781.0;9
2024.04.18 14:45;WIN$;100>161;PREVDAY;DOWN;1.0;138672.0;222.0;1165.0;-48.8;-244.0;249.0;0.0;300.2857142857162;150.0;14
2024.04.22 11:11;WIN$;74>_11;PREVDAY;UP;1.0;140318.0;415.0;1673.0;19.8;99.0;144.0;0.0;263.0714285714305;277.0;10
2024.04.22 18:20;WIN$;61>161;PREVDAY;UP;1.0;140351.0;466.0;1794.0;127.4;637.0;144.0;0.0;317.6428571428591;338.0;11
2024.04.23 11:05;WIN$;61>161;GAP;DOWN;1.0;140107.0;698.0;819.0;17.6;88.0;144.0;144.0;245.7142857142877;632.0;9
2024.04.23 18:20;WIN$;61>161;GAP;DOWN;1.0;140496.0;370.0;1208.0;26.6;133.0;144.0;144.0;220.78571428571624;310.0;16
2024.04.25 10:39;WIN$;100>161;PREVDAY;DOWN;1.0;139548.0;260.0;827.0;165.2;826.0;105.0;0.0;316.78571428571615;156.0;10
2024.04.25 18:20;WIN$;100>161;PREVDAY;DOWN;1.0;139514.0;349.0;793.0;3.0;15.0;105.0;0.0;308.2142857142877;277.0;13
2024.04.26 12:54;WIN$;61>161;GAP;UP;1.0;140529.0;605.0;1260.0;252.0;1260.0;449.0;449.0;292.0000000000019;542.0;9
2024.04.26 14:39;WIN$;161>_200;GAP;UP;1.0;141768.0;223.0;5189.0;-17.0;-85.0;449.0;449.0;189.92857142857343;105.0;14
2024.04.29 18:20;WIN$;100>161;PREVDAY;UP;1.0;142097.0;240.0;1368.0;108.2;541.0;299.0;0.0;271.00000000000205;171.0;11
2024.04.30 09:30;WIN$;61>161;PREVDAY;UP;1.0;142490.0;505.0;909.0;-101.0;-505.0;138.0;0.0;184.71428571428766;316.0;9
2024.04.30 11:36;WIN$;74>_11;PREVDAY;UP;1.0;141982.0;574.0;611.0;123.2;616.0;138.0;0.0;206.50000000000196;188.0;9
2024.05.02 10:32;WIN$;100>161;GAP;UP;1.0;142589.0;250.0;858.0;-52.2;-261.0;759.0;759.0;249.71428571428768;144.0;9
2024.05.02 11:48;WIN$;74>_11;GAP;UP;1.0;142172.0;334.0;1244.0;-15.0;-75.0;759.0;759.0;278.9285714285734;244.0;11
2024.05.02 18:20;WIN$;61>161;GAP;UP;1.0;142018.0;233.0;1429.0;40.2;201.0;759.0;759.0;237.64285714285901;94.0;13
2024.05.03 11:00;WIN$;161>_200;PREVDAY;UP;1.0;143707.0;250.0;4581.0;-53.2;-266.0;133.0;0.0;436.0000000000019;199.0;11
2024.05.06 10:35;WIN$;74>_11;PREVDAY;UP;1.0;143580.0;444.0;2256.0;-89.0;-445.0;177.0;0.0;207.7142857142876;383.0;9
2024.05.06 12:24;WIN$;100>161;PREVDAY;UP;1.0;144479.0;306.0;1596.0;-61.2;-306.0;177.0;0.0;266.7857142857161;99.0;11
2024.05.09 09:30;WIN$;100>161;GAP;DOWN;1.0;143138.0;177.0;1557.0;-35.6;-178.0;1297.0;1297.0;327.6428571428591;61.0;9
2024.05.10 09:52;WIN$;100>161;PREVDAY;UP;1.0;143875.0;478.0;674.0;-95.6;-478.0;205.0;0.0;227.9285714285734;377.0;9
2024.05.13 12:12;WIN$;61>161;GAP;UP;1.0;143267.0;318.0;473.0;-63.6;-318.0;111.0;111.0;225.0000000000019;250.0;10
2024.05.15 11:42;WIN$;61>161;GAP;DOWN;1.0;142294.0;251.0;2294.0;19.4;97.0;482.0;482.0;445.2142857142876;66.0;10
2024.05.16 10:22;WIN$;100>161;PREVDAY;UP;1.0;143400.0;446.0;1016.0;19.4;97.0;266.0;0.0;189.64285714285887;283.0;9
2024.05.16 11:56;WIN$;74>_11;PREVDAY;UP;1.0;142693.0;461.0;1527.0;-93.8;-469.0;266.0;0.0;298.7142857142875;293.0;11
2024.05.16 16:42;WIN$;100>161;PREVDAY;UP;1.0;143349.0;361.0;1067.0;-72.2;-361.0;266.0;0.0;201.50000000000173;244.0;15
2024.05.17 11:14;WIN$;61>161;PREVDAY;DOWN;1.0;142920.0;472.0;1213.0;19.4;97.0;150.0;0.0;178.5000000000017;394.0;9
2024.05.17 13:25;WIN$;100>161;PREVDAY;DOWN;1.0;142529.0;210.0;822.0;-43.2;-216.0;150.0;0.0;298.85714285714454;128.0;12
2024.05.20 11:09;WIN$;61>161;PREVDAY;DOWN;1.0;142568.0;819.0;938.0;19.8;99.0;149.0;0.0;171.07142857143032;754.0;9
2024.05.20 18:20;WIN$;61>161;PREVDAY;DOWN;1.0;142460.0;356.0;830.0;25.0;125.0;149.0;0.0;192.00000000000173;271.0;15
2024.05.21 14:57;WIN$;100>161;PREVDAY;DOWN;1.0;141803.0;359.0;735.0;-73.0;-365.0;155.0;0.0;330.7857142857159;266.0;13
2024.05.22 10:11;WIN$;100>161;PREVDAY;DOWN;1.0;141453.0;460.0;527.0;105.2;526.0;233.0;0.0;188.71428571428737;366.0;9
2024.05.23 10:01;WIN$;61>161;GAP;UP;1.0;139788.0;235.0;895.0;-49.2;-246.0;244.0;244.0;247.2857142857161;99.0;9
2024.05.24 18:20;WIN$;61>161;PREVDAY;DOWN;1.0;139077.0;487.0;1628.0;201.6;1008.0;216.0;0.0;162.21428571428754;138.0;9
2024.05.28 10:13;WIN$;100>161;GAP;UP;1.0;139531.0;172.0;626.0;-34.4;-172.0;272.0;272.0;161.50000000000188;44.0;9
2024.05.28 12:23;WIN$;74>_11;GAP;UP;1.0;139149.0;304.0;829.0;83.2;416.0;272.0;272.0;227.4285714285733;94.0;10
2024.05.31 13:27;WIN$;61>161;PREVDAY;DOWN;1.0;136473.0;366.0;1029.0;205.6;1028.0;255.0;0.0;170.64285714285887;200.0;9
2024.06.03 11:19;WIN$;61>161;PREVDAY;DOWN;1.0;135569.0;671.0;1013.0;13.2;66.0;111.0;0.0;178.0714285714304;554.0;9
2024.06.03 14:28;WIN$;61>161;PREVDAY;DOWN;1.0;135780.0;316.0;1224.0;16.2;81.0;111.0;0.0;331.5000000000019;255.0;12
2024.06.03 18:20;WIN$;100>161;PREVDAY;DOWN;1.0;135337.0;167.0;781.0;26.4;132.0;111.0;0.0;167.85714285714462;77.0;17
2024.06.04 10:50;WIN$;100>161;PREVDAY;DOWN;1.0;134783.0;527.0;726.0;19.8;99.0;133.0;0.0;211.50000000000173;344.0;10
2024.06.04 14:41;WIN$;100>161;PREVDAY;DOWN;1.0;134823.0;221.0;766.0;-44.8;-224.0;133.0;0.0;252.85714285714454;122.0;14
2024.06.05 10:27;WIN$;74>_11;PREVDAY;UP;1.0;135144.0;326.0;1097.0;-17.8;-89.0;205.0;0.0;184.14285714285884;155.0;9
2024.06.05 15:07;WIN$;61>161;PREVDAY;UP;1.0;135489.0;673.0;751.0;-135.6;-678.0;205.0;0.0;305.785714285716;587.0;11
2024.06.11 18:20;WIN$;61>161;PREVDAY;UP;1.0;134291.0;450.0;1000.0;125.0;625.0;155.0;0.0;245.42857142857295;316.0;10
2024.06.12 09:30;WIN$;61>161;GAP;DOWN;1.0;134103.0;682.0;702.0;19.8;99.0;59.0;59.0;189.3571428571444;529.0;9
2024.06.12 14:03;WIN$;161>_200;GAP;DOWN;1.0;133438.0;230.0;3501.0;-46.0;-230.0;59.0;59.0;397.50000000000153;152.0;13
2024.06.13 12:25;WIN$;100>161;PREVDAY;DOWN;1.0;132161.0;498.0;2195.0;-109.4;-547.0;169.0;0.0;360.21428571428737;295.0;11
2024.06.14 11:54;WIN$;61>161;PREVDAY;DOWN;1.0;132227.0;394.0;1126.0;19.8;99.0;180.0;0.0;207.00000000000165;278.0;10
2024.06.14 18:20;WIN$;61>161;PREVDAY;DOWN;1.0;132347.0;318.0;1246.0;-29.8;-149.0;180.0;0.0;321.1428571428588;251.0;14
2024.06.18 09:30;WIN$;61>161;GAP;DOWN;1.0;131399.0;197.0;755.0;-41.4;-207.0;180.0;180.0;185.42857142857324;103.0;9
2024.06.19 09:37;WIN$;61>161;PREVDAY;UP;1.0;132186.0;134.0;1698.0;-27.6;-138.0;142.0;0.0;176.85714285714445;71.0;9
2024.06.19 18:20;WIN$;100>161;PREVDAY;UP;1.0;132932.0;367.0;952.0;92.6;463.0;142.0;0.0;192.57142857143026;278.0;16
2024.06.20 10:39;WIN$;74>_11;GAP;UP;1.0;134097.0;465.0;956.0;19.8;99.0;202.0;202.0;313.1428571428589;272.0;9
2024.06.20 11:50;WIN$;61>161;GAP;UP;1.0;134285.0;750.0;899.0;-151.4;-757.0;202.0;202.0;337.5714285714304;638.0;10
2024.06.24 10:37;WIN$;100>161;PREVDAY;UP;1.0;134387.0;356.0;1016.0;205.2;1026.0;136.0;0.0;165.35714285714462;169.0;9
2024.06.24 13:23;WIN$;161>_200;PREVDAY;UP;1.0;135366.0;193.0;6077.0;-16.0;-80.0;136.0;0.0;279.6428571428589;98.0;12
2024.06.25 10:36;WIN$;61>161;GAP;DOWN;1.0;135155.0;295.0;485.0;-59.2;-296.0;66.0;66.0;182.71428571428743;191.0;10
2024.06.25 12:41;WIN$;100>161;GAP;DOWN;1.0;134975.0;153.0;305.0;60.8;304.0;66.0;66.0;298.285714285716;77.0;12
2024.06.25 17:31;WIN$;100>161;GAP;DOWN;1.0;134943.0;213.0;273.0;-43.6;-218.0;66.0;66.0;172.5000000000016;153.0;16
2024.06.26 15:52;WIN$;61>161;PREVDAY;UP;1.0;135286.0;252.0;938.0;-50.6;-253.0;174.0;0.0;209.2142857142873;174.0;15
2024.06.26 18:20;WIN$;74>_11;PREVDAY;UP;1.0;135350.0;209.0;812.0;-23.2;-116.0;174.0;0.0;208.64285714285876;103.0;17
2024.06.27 15:35;WIN$;161>_200;PREVDAY;UP;1.0;136545.0;170.0;5903.0;-34.2;-171.0;142.0;0.0;226.21428571428734;81.0;15
2024.06.28 11:22;WIN$;74>_11;PREVDAY;UP;1.0;136698.0;524.0;1718.0;68.8;344.0;109.0;0.0;239.00000000000162;316.0;10
2024.06.28 15:46;WIN$;61>161;PREVDAY;UP;1.0;136694.0;368.0;1977.0;-76.8;-384.0;109.0;0.0;337.71428571428737;294.0;11
2024.07.01 10:20;WIN$;61>161;PREVDAY;DOWN;1.0;136495.0;416.0;1512.0;-84.8;-424.0;104.0;0.0;257.0000000000016;333.0;10
2024.07.02 10:27;WIN$;61>161;PREVDAY;UP;1.0;137554.0;743.0;1700.0;19.4;97.0;234.0;0.0;242.64285714285882;523.0;9
2024.07.02 13:10;WIN$;61>161;PREVDAY;UP;1.0;137990.0;710.0;1264.0;-143.0;-715.0;234.0;0.0;320.7857142857159;567.0;10
2024.07.02 16:53;WIN$;74>_11;PREVDAY;UP;1.0;137592.0;256.0;1478.0;-53.4;-267.0;234.0;0.0;219.6428571428588;152.0;16
2024.07.03 10:07;WIN$;61>161;GAP;UP;1.0;138338.0;317.0;501.0;100.2;501.0;191.0;191.0;214.00000000000165;186.0;9
2024.07.03 17:32;WIN$;161>_200;GAP;UP;1.0;138594.0;306.0;2179.0;-61.4;-307.0;191.0;191.0;189.57142857143035;256.0;17
2024.07.04 10:04;WIN$;61>161;GAP;UP;1.0;139605.0;276.0;770.0;-57.2;-286.0;267.0;267.0;228.9285714285732;207.0;10
2024.07.05 10:43;WIN$;61>161;PREVDAY;DOWN;1.0;139149.0;694.0;885.0;177.2;886.0;60.0;0.0;231.50000000000165;98.0;9
2024.07.05 18:15;WIN$;100>161;PREVDAY;DOWN;1.0;138806.0;389.0;542.0;-80.0;-400.0;60.0;0.0;317.7142857142874;175.0;13
2024.07.08 15:42;WIN$;61>161;PREVDAY;UP;1.0;139276.0;279.0;1511.0;-56.8;-284.0;185.0;0.0;254.3571428571444;186.0;15
2024.07.09 10:32;WIN$;61>161;PREVDAY;UP;1.0;139259.0;508.0;820.0;-101.6;-508.0;147.0;0.0;211.78571428571584;371.0;10
2024.07.09 10:48;WIN$;74>_11;PREVDAY;UP;1.0;138751.0;629.0;669.0;-127.0;-635.0;147.0;0.0;254.28571428571584;272.0;10
2024.07.09 14:31;WIN$;100>161;PREVDAY;UP;1.0;139376.0;396.0;703.0;145.6;728.0;147.0;0.0;305.2142857142873;93.0;11
2024.07.10 13:19;WIN$;74>_11;PREVDAY;UP;1.0;139745.0;295.0;1370.0;-59.4;-297.0;147.0;0.0;288.5714285714301;81.0;11
2024.07.12 10:16;WIN$;100>161;PREVDAY;UP;1.0;141316.0;406.0;675.0;-81.2;-406.0;120.0;0.0;131.42857142857287;229.0;9
2024.07.15 11:49;WIN$;74>_11;PREVDAY;UP;1.0;141517.0;376.0;959.0;-77.4;-387.0;159.0;0.0;211.0000000000014;196.0;10
2024.07.15 18:20;WIN$;100>161;PREVDAY;UP;1.0;141908.0;333.0;704.0;69.8;349.0;159.0;0.0;276.7142857142871;278.0;12
2024.07.16 11:13;WIN$;61>161;PREVDAY;UP;1.0;142193.0;384.0;698.0;-76.8;-384.0;126.0;0.0;113.14285714285846;257.0;9
2024.07.19 18:20;WIN$;61>161;PREVDAY;DOWN;1.0;140693.0;290.0;2147.0;196.0;980.0;256.0;0.0;319.0714285714298;169.0;10
2024.07.22 11:10;WIN$;61>161;PREVDAY;DOWN;1.0;139853.0;350.0;1405.0;-70.2;-351.0;333.0;0.0;250.0000000000012;261.0;11
2024.07.23 12:06;WIN$;161>_200;GAP;DOWN;1.0;139473.0;280.0;2281.0;-56.2;-281.0;245.0;245.0;218.78571428571553;103.0;11
2024.07.24 17:50;WIN$;61>161;PREVDAY;DOWN;1.0;138806.0;209.0;1902.0;19.8;99.0;234.0;0.0;256.6428571428584;98.0;12
2024.07.25 10:13;WIN$;61>161;GAP;DOWN;1.0;137962.0;295.0;875.0;-59.2;-296.0;463.0;463.0;188.35714285714417;207.0;9
2024.07.25 10:47;WIN$;100>161;GAP;DOWN;1.0;137618.0;209.0;531.0;-42.8;-214.0;463.0;463.0;253.6428571428585;159.0;10
2024.07.25 18:20;WIN$;61>161;GAP;DOWN;1.0;138131.0;230.0;1044.0;29.2;146.0;463.0;463.0;186.9285714285728;82.0;14
2024.07.26 12:43;WIN$;61>161;GAP;UP;1.0;138403.0;268.0;530.0;107.0;535.0;284.0;284.0;178.28571428571567;136.0;11
2024.07.29 13:05;WIN$;74>_11;PREVDAY;UP;1.0;139363.0;415.0;1580.0;106.6;533.0;218.0;0.0;157.78571428571558;349.0;10
2024.07.30 10:21;WIN$;161>_200;GAP;DOWN;1.0;138504.0;221.0;1916.0;-44.2;-221.0;71.0;71.0;152.14285714285845;55.0;10
2024.07.31 13:46;WIN$;61>161;GAP;UP;1.0;139128.0;535.0;566.0;113.2;566.0;332.0;332.0;224.4285714285727;371.0;10
2024.07.31 14:56;WIN$;161>_200;GAP;UP;1.0;139636.0;207.0;3158.0;15.0;75.0;332.0;332.0;162.5000000000013;93.0;14
2024.07.31 18:20;WIN$;161>_200;GAP;UP;1.0;139402.0;501.0;2924.0;-43.8;-219.0;332.0;332.0;195.64285714285847;381.0;16
2024.08.01 10:39;WIN$;100>161;PREVDAY;UP;1.0;140023.0;269.0;672.0;134.4;672.0;207.0;0.0;217.35714285714423;197.0;9
2024.08.01 14:53;WIN$;74>_11;PREVDAY;UP;1.0;139515.0;154.0;1168.0;-31.8;-159.0;207.0;0.0;239.7857142857156;88.0;14
2024.08.01 17:35;WIN$;61>161;PREVDAY;UP;1.0;139376.0;287.0;1319.0;-58.2;-291.0;207.0;0.0;203.6428571428585;229.0;16
2024.08.02 11:41;WIN$;61>161;GAP;DOWN;1.0;138768.0;579.0;643.0;128.4;642.0;158.0;158.0;377.28571428571564;436.0;10
2024.08.06 12:33;WIN$;74>_11;PREVDAY;UP;1.0;136790.0;677.0;3007.0;-83.4;-417.0;720.0;0.0;267.35714285714374;626.0;9
2024.08.06 16:07;WIN$;100>161;PREVDAY;UP;1.0;138056.0;155.0;2267.0;19.2;96.0;720.0;0.0;236.35714285714354;76.0;14
2024.08.07 10:15;WIN$;100>161;GAP;UP;1.0;139058.0;367.0;623.0;-73.4;-367.0;512.0;512.0;296.3571428571436;262.0;9
2024.08.07 12:56;WIN$;74>_11;GAP;UP;1.0;138458.0;371.0;1125.0;-74.4;-372.0;512.0;512.0;344.5714285714293;251.0;11
2024.08.07 13:52;WIN$;100>161;GAP;UP;1.0;138900.0;367.0;781.0;-73.4;-367.0;512.0;512.0;299.4285714285721;273.0;13
2024.08.07 14:24;WIN$;74>_11;GAP;UP;1.0;138452.0;312.0;1119.0;-26.4;-132.0;512.0;512.0;264.78571428571496;202.0;14
2024.08.07 18:20;WIN$;100>161;GAP;UP;1.0;138943.0;263.0;738.0;32.8;164.0;512.0;512.0;241.285714285715;153.0;16
2024.08.08 11:27;WIN$;61>161;PREVDAY;UP;1.0;139278.0;450.0;929.0;188.2;941.0;175.0;0.0;243.71428571428646;387.0;9
2024.08.08 12:31;WIN$;161>_200;PREVDAY;UP;1.0;140181.0;191.0;4630.0;-38.4;-192.0;175.0;0.0;270.50000000000074;43.0;12
2024.08.09 10:48;WIN$;100>161;PREVDAY;UP;1.0;141207.0;412.0;968.0;-84.8;-424.0;125.0;0.0;197.0000000000007;344.0;10
2024.08.12 10:57;WIN$;100>161;PREVDAY;UP;1.0;143197.0;543.0;1494.0;20.0;100.0;387.0;0.0;188.14285714285793;381.0;9
2024.08.13 17:00;WIN$;161>_200;PREVDAY;UP;1.0;144258.0;262.0;3548.0;-53.4;-267.0;99.0;0.0;169.28571428571502;191.0;15
2024.08.14 14:05;WIN$;100>161;PREVDAY;UP;1.0;144560.0;273.0;747.0;149.4;747.0;71.0;0.0;124.57142857142931;123.0;9
2024.08.14 18:20;WIN$;161>_200;PREVDAY;UP;1.0;145195.0;254.0;4306.0;24.4;122.0;71.0;0.0;181.21428571428643;204.0;17
2024.08.15 18:20;WIN$;61>161;PREVDAY;UP;1.0;145675.0;508.0;1260.0;148.8;744.0;596.0;0.0;224.92857142857213;402.0;9
2024.08.16 15:45;WIN$;61>161;PREVDAY;UP;1.0;146554.0;566.0;1119.0;-113.2;-566.0;193.0;0.0;173.8571428571434;424.0;9
2024.08.19 10:51;WIN$;61>161;GAP;UP;1.0;146618.0;410.0;569.0;114.6;573.0;97.0;97.0;151.57142857142912;327.0;9
2024.08.20 12:00;WIN$;74>_11;PREVDAY;UP;1.0;147738.0;329.0;1742.0;-6.2;-31.0;161.0;0.0;259.7857142857149;263.0;11
2024.08.20 18:20;WIN$;61>161;PREVDAY;UP;1.0;147769.0;290.0;2081.0;146.0;730.0;161.0;0.0;264.64285714285774;198.0;12
2024.08.21 11:09;WIN$;61>161;GAP;UP;1.0;148754.0;159.0;564.0;-34.8;-174.0;108.0;108.0;158.00000000000063;64.0;9
2024.08.21 18:20;WIN$;74>_11;GAP;UP;1.0;148796.0;210.0;511.0;-12.6;-63.0;108.0;108.0;186.42857142857207;85.0;16
2024.08.23 10:49;WIN$;61>161;GAP;UP;1.0;147696.0;217.0;695.0;-45.6;-228.0;59.0;59.0;220.35714285714351;145.0;9
2024.08.23 13:36;WIN$;161>_200;GAP;UP;1.0;148275.0;194.0;2699.0;-20.2;-101.0;59.0;59.0;318.5000000000006;134.0;13
2024.08.23 18:20;WIN$;74>_11;GAP;UP;1.0;147658.0;275.0;618.0;-12.0;-60.0;59.0;59.0;140.9285714285721;188.0;17
2024.08.27 10:20;WIN$;100>161;PREVDAY;UP;1.0;149096.0;394.0;760.0;-78.8;-394.0;129.0;0.0;117.14285714285776;236.0;9
2024.08.27 11:28;WIN$;74>_11;PREVDAY;UP;1.0;148681.0;411.0;1022.0;-82.4;-412.0;129.0;0.0;172.928571428572;123.0;10
2024.08.27 13:17;WIN$;100>161;PREVDAY;UP;1.0;149181.0;425.0;675.0;-85.8;-429.0;129.0;0.0;219.0000000000006;328.0;11
2024.08.27 18:20;WIN$;74>_11;PREVDAY;UP;1.0;148683.0;210.0;1024.0;-26.8;-134.0;129.0;0.0;112.2857142857149;155.0;17
2024.08.28 10:33;WIN$;100>161;GAP;DOWN;1.0;148011.0;222.0;339.0;70.4;352.0;263.0;263.0;159.78571428571485;134.0;10
2024.08.28 12:49;WIN$;61>161;GAP;DOWN;1.0;148345.0;232.0;673.0;-46.6;-233.0;263.0;263.0;252.42857142857207;97.0;12
2024.08.30 10:50;WIN$;100>161;PREVDAY;DOWN;1.0;147121.0;495.0;1052.0;17.8;89.0;134.0;0.0;217.2142857142862;360.0;9
2024.08.30 16:50;WIN$;100>161;PREVDAY;DOWN;1.0;147362.0;372.0;1293.0;19.8;99.0;134.0;0.0;328.71428571428606;252.0;13
2024.09.02 10:53;WIN$;100>161;GAP;DOWN;1.0;146970.0;410.0;727.0;146.6;733.0;542.0;542.0;448.14285714285745;112.0;10
2024.09.02 15:01;WIN$;161>_200;GAP;DOWN;1.0;146392.0;399.0;4431.0;28.2;141.0;542.0;542.0;352.6428571428574;167.0;11
2024.09.03 11:26;WIN$;100>161;PREVDAY;DOWN;1.0;145983.0;303.0;842.0;-60.8;-304.0;134.0;0.0;280.42857142857173;204.0;11
2024.09.04 10:37;WIN$;61>161;PREVDAY;UP;1.0;146446.0;405.0;752.0;153.8;769.0;177.0;0.0;217.57142857142875;338.0;9
2024.09.05 10:21;WIN$;74>_11;PREVDAY;UP;1.0;147787.0;682.0;2483.0;19.8;99.0;316.0;0.0;244.42857142857164;108.0;9
2024.09.05 13:25;WIN$;74>_11;PREVDAY;UP;1.0;147796.0;314.0;2492.0;-14.8;-74.0;316.0;0.0;323.3571428571431;198.0;11
2024.09.06 09:30;WIN$;61>161;PREVDAY;UP;1.0;148002.0;217.0;1126.0;-43.4;-217.0;139.0;0.0;179.7142857142859;161.0;9
2024.09.09 12:40;WIN$;61>161;GAP;UP;1.0;146367.0;320.0;1096.0;-64.0;-320.0;134.0;134.0;277.35714285714295;258.0;11
2024.09.10 13:12;WIN$;161>_200;PREVDAY;DOWN;1.0;145304.0;277.0;3501.0;-56.0;-280.0;139.0;0.0;266.4285714285714;193.0;12
2024.09.11 09:31;WIN$;61>161;GAP;UP;1.0;146066.0;357.0;416.0;-72.2;-361.0;209.0;209.0;185.64285714285703;262.0;9
2024.09.11 15:42;WIN$;74>_11;GAP;UP;1.0;145883.0;221.0;500.0;-23.2;-116.0;209.0;209.0;195.4285714285714;145.0;15
2024.09.11 17:33;WIN$;61>161;GAP;UP;1.0;145975.0;213.0;507.0;-43.2;-216.0;209.0;209.0;170.21428571428567;156.0;17
2024.09.11 18:20;WIN$;74>_11;GAP;UP;1.0;145759.0;350.0;376.0;10.8;54.0;209.0;209.0;186.28571428571425;43.0;17
2024.09.12 14:54;WIN$;100>161;PREVDAY;DOWN;1.0;144740.0;436.0;747.0;-89.2;-446.0;204.0;0.0;284.1428571428571;370.0;11
2024.09.12 18:20;WIN$;61>161;PREVDAY;DOWN;1.0;145345.0;115.0;1352.0;46.8;234.0;204.0;0.0;166.35714285714278;54.0;15
2024.09.16 10:43;WIN$;61>161;PREVDAY;UP;1.0;146355.0;303.0;2037.0;18.0;90.0;150.0;0.0;183.28571428571428;167.0;10
2024.09.16 14:52;WIN$;74>_11;PREVDAY;UP;1.0;146445.0;463.0;1759.0;52.0;260.0;150.0;0.0;230.42857142857142;118.0;10
2024.09.16 18:20;WIN$;61>161;PREVDAY;UP;1.0;146270.0;207.0;2122.0;-19.6;-98.0;150.0;0.0;124.50000000000009;123.0;17
2024.09.17 09:30;WIN$;61>161;GAP;UP;1.0;146505.0;88.0;540.0;-19.4;-97.0;161.0;161.0;127.5000000000001;26.0;9
2024.09.18 10:23;WIN$;61>161;PREVDAY;DOWN;1.0;145303.0;463.0;1374.0;-97.2;-486.0;118.0;0.0;182.92857142857153;402.0;9
2024.09.18 14:34;WIN$;100>161;PREVDAY;DOWN;1.0;144918.0;311.0;989.0;-62.4;-312.0;118.0;0.0;344.5000000000001;247.0;11
2024.09.18 18:20;WIN$;61>161;PREVDAY;DOWN;1.0;145491.0;731.0;1562.0;217.6;1088.0;118.0;0.0;320.00000000000017;386.0;15
2024.09.19 11:31;WIN$;74>_11;GAP;UP;1.0;145529.0;451.0;1400.0;279.8;1399.0;949.0;949.0;393.1428571428573;359.0;9
2024.09.20 13:59;WIN$;100>161;PREVDAY;DOWN;1.0;143049.0;673.0;1304.0;260.6;1303.0;129.0;0.0;315.857142857143;472.0;10
2024.09.23 18:20;WIN$;61>161;GAP;DOWN;1.0;140771.0;489.0;954.0;-21.4;-107.0;113.0;113.0;295.50000000000006;333.0;11
2024.09.24 10:15;WIN$;100>161;GAP;UP;1.0;142794.0;218.0;1142.0;-46.4;-232.0;1164.0;1164.0;298.50000000000017;128.0;10
2024.09.24 12:47;WIN$;74>_11;GAP;UP;1.0;142197.0;259.0;1595.0;-52.0;-260.0;1164.0;1164.0;482.21428571428584;96.0;12
2024.09.24 14:29;WIN$;100>161;GAP;UP;1.0;142804.0;207.0;1132.0;-41.4;-207.0;1164.0;1164.0;268.5000000000001;139.0;14
2024.09.25 10:36;WIN$;61>161;GAP;UP;1.0;143281.0;582.0;972.0;-116.4;-582.0;85.0;85.0;189.14285714285728;199.0;9
2024.09.26 10:37;WIN$;74>_11;GAP;UP;1.0;143088.0;457.0;1241.0;-56.2;-281.0;467.0;467.0;296.71428571428584;273.0;10
2024.09.26 11:03;WIN$;61>161;GAP;UP;1.0;143485.0;796.0;980.0;-160.0;-800.0;467.0;467.0;376.35714285714295;643.0;10
2024.09.26 16:17;WIN$;100>161;GAP;UP;1.0;143572.0;229.0;893.0;-45.8;-229.0;467.0;467.0;213.00000000000009;124.0;15
2024.09.27 14:00;WIN$;61>161;PREVDAY;UP;1.0;143293.0;181.0;1302.0;20.0;100.0;80.0;0.0;210.71428571428578;97.0;10
2024.09.27 14:54;WIN$;74>_11;PREVDAY;UP;1.0;143394.0;194.0;1136.0;4.2;21.0;80.0;0.0;246.4285714285715;102.0;14
2024.09.27 15:30;WIN$;61>161;PREVDAY;UP;1.0;143437.0;303.0;1158.0;-62.2;-311.0;80.0;0.0;218.07142857142867;257.0;15
2024.09.30 10:16;WIN$;61>161;PREVDAY;DOWN;1.0;143397.0;271.0;1582.0;13.4;67.0;97.0;0.0;214.71428571428586;214.0;10
2024.09.30 11:44;WIN$;100>161;PREVDAY;DOWN;1.0;142647.0;426.0;832.0;-85.4;-427.0;97.0;0.0;345.5000000000001;274.0;11
2024.10.01 17:40;WIN$;61>161;PREVDAY;DOWN;1.0;142782.0;221.0;1829.0;-50.8;-254.0;177.0;0.0;278.7857142857144;166.0;17
2024.10.02 10:04;WIN$;61>161;GAP;UP;1.0;143988.0;656.0;802.0;160.4;802.0;64.0;64.0;272.3571428571429;525.0;9
2024.10.02 12:55;WIN$;161>_200;GAP;UP;1.0;144557.0;431.0;3551.0;-1.8;-9.0;64.0;64.0;417.2142857142857;360.0;11
2024.10.02 17:23;WIN$;74>_11;GAP;UP;1.0;143752.0;721.0;777.0;-38.2;-191.0;64.0;64.0;243.35714285714295;638.0;15
2024.10.02 18:20;WIN$;61>161;GAP;UP;1.0;144000.0;367.0;790.0;-17.4;-87.0;64.0;64.0;219.50000000000006;311.0;17
2024.10.03 10:31;WIN$;61>161;GAP;DOWN;1.0;142873.0;876.0;1115.0;223.0;1115.0;177.0;177.0;256.14285714285717;756.0;9
2024.10.04 10:06;WIN$;100>161;PREVDAY;DOWN;1.0;141108.0;184.0;1575.0;-40.0;-200.0;91.0;0.0;272.85714285714283;75.0;10
2024.10.07 14:05;WIN$;74>_11;PREVDAY;UP;1.0;141885.0;281.0;1141.0;-56.4;-282.0;140.0;0.0;381.71428571428567;86.0;13
2024.10.08 10:20;WIN$;100>161;GAP;DOWN;1.0;140301.0;310.0;1001.0;-62.2;-311.0;627.0;627.0;307.7857142857143;64.0;10
2024.10.08 11:57;WIN$;61>161;GAP;DOWN;1.0;140636.0;452.0;1336.0;-90.6;-453.0;627.0;627.0;408.42857142857144;397.0;11
2024.10.10 10:54;WIN$;74>_11;GAP;UP;1.0;139723.0;341.0;409.0;-30.4;-152.0;81.0;81.0;193.21428571428592;48.0;10
2024.10.10 18:20;WIN$;61>161;GAP;UP;1.0;139725.0;341.0;483.0;59.8;299.0;81.0;81.0;245.57142857142875;279.0;11
2024.10.14 10:09;WIN$;61>161;PREVDAY;DOWN;1.0;139155.0;544.0;1395.0;-115.2;-576.0;230.0;0.0;162.3571428571431;424.0;9
2024.10.15 10:04;WIN$;74>_11;PREVDAY;UP;1.0;140319.0;383.0;1704.0;-81.6;-408.0;134.0;0.0;214.6428571428573;81.0;9
2024.10.15 18:20;WIN$;61>161;PREVDAY;UP;1.0;140445.0;712.0;1616.0;-12.2;-61.0;134.0;0.0;359.4285714285716;580.0;11
2024.10.16 14:39;WIN$;61>161;PREVDAY;UP;1.0;140593.0;456.0;1052.0;210.4;1052.0;135.0;0.0;257.8571428571432;216.0;10
2024.10.16 18:11;WIN$;100>161;PREVDAY;UP;1.0;140926.0;93.0;719.0;-18.6;-93.0;135.0;0.0;167.71428571428604;31.0;18
2024.10.18 18:20;WIN$;61>161;PREVDAY;DOWN;1.0;139607.0;577.0;1461.0;-17.0;-85.0;153.0;0.0;323.1428571428574;496.0;11
2024.10.21 11:37;WIN$;61>161;PREVDAY;DOWN;1.0;139870.0;309.0;1670.0;18.6;93.0;264.0;0.0;273.07142857142884;190.0;11
2024.10.22 11:45;WIN$;61>161;GAP;DOWN;1.0;138768.0;604.0;971.0;18.2;91.0;90.0;90.0;169.78571428571462;459.0;9
2024.10.22 12:43;WIN$;100>161;GAP;DOWN;1.0;138236.0;335.0;439.0;-67.2;-336.0;90.0;90.0;411.2857142857146;269.0;12
2024.10.23 18:20;WIN$;61>161;GAP;DOWN;1.0;137995.0;740.0;1057.0;-11.6;-58.0;606.0;606.0;209.0000000000004;674.0;9
2024.10.24 10:48;WIN$;61>161;PREVDAY;DOWN;1.0;137947.0;271.0;1139.0;-58.2;-291.0;184.0;0.0;230.35714285714326;179.0;10
2024.10.25 13:36;WIN$;74>_11;PREVDAY;UP;1.0;138932.0;251.0;1418.0;-23.4;-117.0;127.0;0.0;353.5000000000005;58.0;12
2024.10.25 18:20;WIN$;61>161;PREVDAY;UP;1.0;138803.0;179.0;1650.0;-14.2;-71.0;127.0;0.0;251.2142857142862;110.0;15
2024.10.29 12:21;WIN$;74>_11;PREVDAY;UP;1.0;140213.0;230.0;1987.0;-46.2;-231.0;237.0;0.0;280.5000000000004;37.0;11
2024.10.30 12:31;WIN$;100>161;PREVDAY;DOWN;1.0;139296.0;424.0;521.0;-85.0;-425.0;90.0;0.0;281.78571428571473;311.0;11
2024.10.31 10:09;WIN$;100>161;PREVDAY;DOWN;1.0;139006.0;403.0;488.0;-85.4;-427.0;132.0;0.0;139.57142857142892;280.0;9
2024.11.01 14:00;WIN$;61>161;PREVDAY;DOWN;1.0;138352.0;483.0;1045.0;208.8;1044.0;116.0;0.0;206.3571428571432;411.0;10
2024.11.04 11:36;WIN$;100>161;GAP;UP;1.0;137784.0;309.0;948.0;190.6;953.0;875.0;875.0;263.85714285714323;127.0;9
2024.11.05 13:24;WIN$;74>_11;PREVDAY;UP;1.0;138570.0;381.0;1769.0;-25.2;-126.0;221.0;0.0;256.7142857142861;295.0;11
2024.11.06 10:06;WIN$;100>161;GAP;DOWN;1.0;136976.0;325.0;1376.0;-67.2;-336.0;1075.0;1075.0;345.0000000000004;169.0;10
2024.11.06 12:04;WIN$;61>161;GAP;DOWN;1.0;137830.0;325.0;2230.0;19.8;99.0;1075.0;1075.0;473.4285714285718;143.0;11
2024.11.08 12:40;WIN$;61>161;GAP;DOWN;1.0;136665.0;815.0;1186.0;237.0;1185.0;501.0;501.0;353.2857142857147;517.0;9
2024.11.08 17:33;WIN$;161>_200;GAP;DOWN;1.0;135607.0;368.0;5672.0;16.0;80.0;501.0;501.0;229.78571428571468;301.0;16
2024.11.11 15:17;WIN$;61>161;PREVDAY;DOWN;1.0;135896.0;271.0;2416.0;-55.0;-275.0;211.0;0.0;209.7857142857147;105.0;14
2024.11.12 11:20;WIN$;61>161;GAP;DOWN;1.0;135496.0;244.0;777.0;-52.8;-264.0;63.0;63.0;288.64285714285757;95.0;11
2024.11.13 09:27;WIN$;61>161;PREVDAY;UP;1.0;135887.0;247.0;1059.0;-52.0;-260.0;126.0;0.0;166.00000000000048;74.0;9
2024.11.18 18:20;WIN$;61>161;PREVDAY;DOWN;1.0;135494.0;794.0;872.0;-32.0;-160.0;79.0;0.0;236.07142857142915;733.0;9
2024.11.19 10:50;WIN$;61>161;PREVDAY;DOWN;1.0;135305.0;467.0;1008.0;-93.6;-468.0;148.0;0.0;230.21428571428635;385.0;10
2024.11.25 15:50;WIN$;74>_11;PREVDAY;UP;1.0;136755.0;519.0;2467.0;-42.8;-214.0;311.0;0.0;350.6428571428578;417.0;10
2024.11.27 10:05;WIN$;74>_11;PREVDAY;UP;1.0;137614.0;261.0;1480.0;-52.4;-262.0;148.0;0.0;206.7857142857149;100.0;10
2024.11.27 12:03;WIN$;61>161;PREVDAY;UP;1.0;137684.0;315.0;1534.0;-63.4;-317.0;148.0;0.0;262.0714285714292;248.0;11
2024.11.27 13:50;WIN$;74>_11;PREVDAY;UP;1.0;137368.0;481.0;1234.0;246.6;1233.0;148.0;0.0;293.64285714285774;74.0;12
2024.11.28 16:36;WIN$;100>161;PREVDAY;DOWN;1.0;134583.0;693.0;1733.0;346.4;1732.0;284.0;0.0;315.9285714285719;638.0;9
2024.11.29 11:53;WIN$;100>161;PREVDAY;DOWN;1.0;131477.0;467.0;2162.0;-96.6;-483.0;490.0;0.0;472.928571428572;374.0;10
2024.12.02 11:11;WIN$;74>_11;PREVDAY;UP;1.0;132743.0;572.0;1853.0;47.8;239.0;337.0;0.0;398.7857142857148;443.0;9
2024.12.02 12:41;WIN$;61>161;PREVDAY;UP;1.0;132707.0;304.0;2337.0;-64.2;-321.0;337.0;0.0;391.57142857142907;195.0;12
2024.12.02 17:15;WIN$;74>_11;PREVDAY;UP;1.0;132728.0;355.0;1838.0;-42.2;-211.0;337.0;0.0;268.8571428571434;290.0;15
2024.12.04 09:23;WIN$;61>161;PREVDAY;UP;1.0;133340.0;288.0;1118.0;-57.8;-289.0;169.0;0.0;206.5714285714291;132.0;9
2024.12.04 12:18;WIN$;100>161;PREVDAY;UP;1.0;133929.0;450.0;529.0;-90.4;-452.0;169.0;0.0;327.50000000000057;216.0;11
2024.12.04 17:30;WIN$;74>_11;PREVDAY;UP;1.0;133332.0;352.0;935.0;1.6;8.0;169.0;0.0;234.78571428571487;280.0;15
2024.12.04 18:20;WIN$;61>161;PREVDAY;UP;1.0;133324.0;178.0;1134.0;16.6;83.0;169.0;0.0;205.21428571428632;58.0;17
2024.12.05 10:12;WIN$;61>161;PREVDAY;UP;1.0;133724.0;277.0;1088.0;219.2;1096.0;79.0;0.0;178.57142857142918;201.0;9
2024.12.06 11:50;WIN$;61>161;GAP;DOWN;1.0;134513.0;515.0;655.0;133.4;667.0;64.0;64.0;209.14285714285774;412.0;9
2024.12.09 09:48;WIN$;74>_11;GAP;UP;1.0;133454.0;256.0;672.0;-53.0;-265.0;353.0;353.0;192.57142857142924;179.0;9
2024.12.09 10:11;WIN$;100>161;GAP;UP;1.0;133693.0;172.0;452.0;90.4;452.0;353.0;353.0;198.14285714285782;90.0;10
2024.12.09 10:46;WIN$;161>_200;GAP;UP;1.0;134078.0;207.0;2773.0;-42.6;-213.0;353.0;353.0;247.4285714285721;147.0;10
2024.12.10 10:16;WIN$;61>161;GAP;UP;1.0;135296.0;383.0;1147.0;-79.4;-397.0;411.0;411.0;246.785714285715;279.0;9
2024.12.10 16:20;WIN$;74>_11;GAP;UP;1.0;135188.0;183.0;1097.0;-10.4;-52.0;411.0;411.0;302.7857142857151;116.0;13
2024.12.10 18:20;WIN$;61>161;GAP;UP;1.0;135240.0;275.0;1203.0;39.4;197.0;411.0;411.0;162.21428571428646;79.0;16
2024.12.11 11:36;WIN$;61>161;PREVDAY;UP;1.0;135612.0;552.0;721.0;-110.4;-552.0;90.0;0.0;157.42857142857213;374.0;9
2024.12.13 13:50;WIN$;100>161;PREVDAY;DOWN;1.0;132768.0;431.0;2919.0;18.4;92.0;369.0;0.0;300.00000000000097;200.0;11
2024.12.16 14:00;WIN$;100>161;PREVDAY;DOWN;1.0;131230.0;403.0;1140.0;-81.4;-407.0;443.0;0.0;299.3571428571437;348.0;11
2024.12.17 10:54;WIN$;61>161;PREVDAY;DOWN;1.0;130608.0;419.0;1687.0;-84.0;-420.0;264.0;0.0;262.9285714285721;327.0;9
2024.12.20 14:37;WIN$;100>161;PREVDAY;DOWN;1.0;127483.0;264.0;682.0;-53.0;-265.0;146.0;0.0;277.2857142857151;182.0;13
2024.12.20 15:22;WIN$;61>161;PREVDAY;DOWN;1.0;127729.0;283.0;928.0;-63.0;-315.0;146.0;0.0;238.42857142857218;229.0;15
2024.12.23 10:04;WIN$;61>161;GAP;DOWN;1.0;127849.0;511.0;576.0;19.8;99.0;213.0;213.0;304.2142857142865;337.0;9
2024.12.23 14:07;WIN$;161>_200;GAP;DOWN;1.0;127372.0;207.0;3172.0;-21.2;-106.0;213.0;213.0;232.92857142857224;130.0;13
2024.12.26 14:34;WIN$;61>161;PREVDAY;DOWN;1.0;127286.0;217.0;1455.0;-45.4;-227.0;239.0;0.0;223.07142857142952;140.0;14
2024.12.27 10:48;WIN$;61>161;PREVDAY;UP;1.0;127443.0;481.0;1319.0;-97.2;-486.0;129.0;0.0;198.00000000000097;307.0;9
2024.12.30 17:22;WIN$;61>161;PREVDAY;DOWN;1.0;126623.0;356.0;1801.0;19.0;95.0;338.0;0.0;281.92857142857235;93.0;11
2025.01.03 10:08;WIN$;61>161;PREVDAY;DOWN;1.0;125585.0;543.0;2001.0;-108.8;-544.0;109.0;0.0;185.28571428571522;328.0;9
2025.01.03 18:20;WIN$;100>161;PREVDAY;DOWN;1.0;124789.0;207.0;1205.0;126.2;631.0;109.0;0.0;308.85714285714386;150.0;13
2025.01.06 10:01;WIN$;100>161;GAP;UP;1.0;125191.0;186.0;678.0;135.6;678.0;238.0;238.0;203.07142857142958;37.0;9
2025.01.06 12:04;WIN$;161>_200;GAP;UP;1.0;125435.0;521.0;3604.0;-108.0;-540.0;238.0;238.0;344.07142857142964;457.0;11
2025.01.07 11:39;WIN$;100>161;PREVDAY;UP;1.0;126140.0;201.0;1045.0;210.8;1054.0;93.0;0.0;178.35714285714386;109.0;9
2025.01.07 13:48;WIN$;161>_200;PREVDAY;UP;1.0;127174.0;194.0;6169.0;-40.0;-200.0;93.0;0.0;297.3571428571438;52.0;13
2025.01.10 11:08;WIN$;61>161;PREVDAY;DOWN;1.0;125185.0;449.0;522.0;104.8;524.0;109.0;0.0;197.64285714285816;301.0;10
2025.01.10 16:15;WIN$;161>_200;PREVDAY;DOWN;1.0;124755.0;233.0;2444.0;-24.2;-121.0;109.0;0.0;198.2857142857153;146.0;15
2025.01.13 18:20;WIN$;61>161;PREVDAY;DOWN;1.0;124774.0;393.0;1662.0;50.6;253.0;239.0;0.0;243.21428571428686;333.0;13
2025.01.14 18:20;WIN$;61>161;GAP;UP;1.0;124878.0;154.0;730.0;8.4;42.0;213.0;213.0;167.5714285714297;78.0;18
2025.01.15 10:07;WIN$;100>161;PREVDAY;UP;1.0;125409.0;576.0;658.0;131.6;658.0;109.0;0.0;183.42857142857252;525.0;9
2025.01.16 12:06;WIN$;61>161;GAP;DOWN;1.0;127831.0;321.0;767.0;154.2;771.0;99.0;99.0;347.42857142857235;270.0;9
2025.01.17 10:18;WIN$;74>_11;GAP;UP;1.0;127131.0;243.0;585.0;119.2;596.0;83.0;83.0;218.92857142857247;140.0;9
2025.01.17 12:01;WIN$;61>161;GAP;UP;1.0;127227.0;421.0;527.0;106.6;533.0;83.0;83.0;333.21428571428675;280.0;11
2025.01.17 17:30;WIN$;161>_200;GAP;UP;1.0;127738.0;316.0;2502.0;-4.2;-21.0;83.0;83.0;177.50000000000102;254.0;15
2025.01.20 14:25;WIN$;61>161;PREVDAY;UP;1.0;127927.0;482.0;1487.0;19.4;97.0;229.0;0.0;375.57142857142964;333.0;11
2025.01.20 15:22;WIN$;100>161;PREVDAY;UP;1.0;128472.0;368.0;942.0;-75.0;-375.0;229.0;0.0;276.0714285714297;296.0;14
2025.01.21 10:16;WIN$;61>161;PREVDAY;UP;1.0;128191.0;315.0;1793.0;-63.0;-315.0;270.0;0.0;260.357142857144;187.0;10
2025.01.21 15:06;WIN$;74>_11;PREVDAY;UP;1.0;128330.0;196.0;1618.0;-39.6;-198.0;270.0;0.0;215.35714285714394;99.0;15
2025.01.21 18:20;WIN$;100>161;PREVDAY;UP;1.0;128933.0;289.0;1051.0;-8.6;-43.0;270.0;0.0;169.42857142857252;197.0;17
2025.01.22 10:21;WIN$;100>161;PREVDAY;UP;1.0;129355.0;379.0;644.0;-75.8;-379.0;187.0;0.0;191.357142857144;276.0;9
2025.01.22 16:27;WIN$;74>_11;PREVDAY;UP;1.0;128688.0;430.0;1276.0;-59.4;-297.0;187.0;0.0;295.57142857142975;275.0;12
2025.01.23 09:34;WIN$;100>161;PREVDAY;DOWN;1.0;128284.0;185.0;676.0;-37.2;-186.0;166.0;0.0;176.714285714287;88.0;9
2025.01.23 14:48;WIN$;61>161;PREVDAY;DOWN;1.0;128580.0;694.0;972.0;19.8;99.0;166.0;0.0;343.0000000000013;581.0;11
2025.01.23 16:34;WIN$;100>161;PREVDAY;DOWN;1.0;128332.0;142.0;724.0;148.0;740.0;166.0;0.0;204.714285714287;67.0;15
2025.01.23 18:20;WIN$;161>_200;PREVDAY;DOWN;1.0;127808.0;270.0;4156.0;27.8;139.0;166.0;0.0;218.42857142857275;207.0;17
2025.01.28 12:45;WIN$;74>_11;PREVDAY;UP;1.0;129525.0;320.0;3073.0;-64.8;-324.0;150.0;0.0;258.50000000000136;161.0;12
2025.01.29 09:48;WIN$;61>161;GAP;UP;1.0;129911.0;384.0;413.0;83.8;419.0;57.0;57.0;153.50000000000134;265.0;9
2025.01.29 11:50;WIN$;161>_200;GAP;UP;1.0;130045.0;345.0;1903.0;167.2;836.0;57.0;57.0;192.78571428571558;291.0;10
2025.01.30 10:28;WIN$;61>161;GAP;UP;1.0;129283.0;322.0;1117.0;229.0;1145.0;291.0;291.0;283.92857142857287;57.0;9
2025.01.30 11:22;WIN$;161>_200;GAP;UP;1.0;130169.0;569.0;3828.0;-28.8;-144.0;291.0;291.0;393.6428571428586;509.0;11
2025.01.31 11:31;WIN$;100>161;PREVDAY;UP;1.0;132677.0;388.0;2206.0;-77.6;-388.0;176.0;0.0;314.35714285714437;337.0;11
2025.01.31 17:46;WIN$;74>_11;PREVDAY;UP;1.0;131560.0;263.0;2977.0;-16.8;-84.0;176.0;0.0;224.2857142857159;213.0;17
2025.02.03 09:37;WIN$;61>161;GAP;DOWN;1.0;130698.0;253.0;1296.0;-52.2;-261.0;576.0;576.0;287.2142857142873;166.0;9
2025.02.05 11:47;WIN$;61>161;PREVDAY;DOWN;1.0;130350.0;294.0;1600.0;15.6;78.0;124.0;0.0;232.92857142857287;155.0;10
2025.02.06 11:20;WIN$;74>_11;PREVDAY;UP;1.0;130601.0;516.0;1123.0;-34.2;-171.0;99.0;0.0;153.64285714285856;176.0;9
2025.02.06 12:56;WIN$;100>161;PREVDAY;UP;1.0;131005.0;575.0;771.0;-115.0;-575.0;99.0;0.0;285.0000000000014;489.0;11
2025.02.06 13:23;WIN$;74>_11;PREVDAY;UP;1.0;130430.0;396.0;952.0;-47.2;-236.0;99.0;0.0;326.78571428571576;233.0;12
2025.02.06 18:20;WIN$;100>161;PREVDAY;UP;1.0;130968.0;252.0;808.0;37.4;187.0;99.0;0.0;175.50000000000142;202.0;15
2025.02.07 10:04;WIN$;74>_11;PREVDAY;UP;1.0;131114.0;185.0;1057.0;-37.2;-186.0;306.0;0.0;176.42857142857295;57.0;9
2025.02.11 18:20;WIN$;61>161;PREVDAY;UP;1.0;130714.0;382.0;1674.0;132.8;664.0;192.0;0.0;160.64285714285887;140.0;9
2025.02.13 12:14;WIN$;100>161;PREVDAY;DOWN;1.0;128717.0;350.0;1796.0;-70.2;-351.0;265.0;0.0;236.42857142857315;301.0;9
2025.02.14 09:26;WIN$;100>161;PREVDAY;UP;1.0;129827.0;524.0;616.0;123.2;616.0;127.0;0.0;175.14285714285884;448.0;9
2025.02.14 10:20;WIN$;161>_200;PREVDAY;UP;1.0;130437.0;254.0;4618.0;-51.6;-258.0;127.0;0.0;228.64285714285882;163.0;10
2025.02.17 10:06;WIN$;100>161;PREVDAY;UP;1.0;133458.0;173.0;2396.0;-34.8;-174.0;250.0;0.0;308.78571428571587;101.0;9
2025.02.18 14:57;WIN$;61>161;PREVDAY;UP;1.0;133846.0;464.0;1500.0;-93.0;-465.0;96.0;0.0;306.928571428573;408.0;12
2025.02.19 09:57;WIN$;100>161;PREVDAY;DOWN;1.0;132642.0;453.0;756.0;151.2;756.0;208.0;0.0;231.64285714285867;382.0;9
2025.02.20 11:18;WIN$;61>161;PREVDAY;DOWN;1.0;132073.0;115.0;1450.0;17.2;86.0;245.0;0.0;204.07142857143015;66.0;10
2025.02.20 18:20;WIN$;61>161;PREVDAY;DOWN;1.0;132051.0;270.0;1428.0;25.0;125.0;245.0;0.0;261.0000000000016;163.0;12
2025.02.21 10:01;WIN$;61>161;PREVDAY;DOWN;1.0;131797.0;249.0;874.0;-50.2;-251.0;168.0;0.0;173.9285714285731;173.0;9
2025.02.21 15:12;WIN$;100>161;PREVDAY;DOWN;1.0;131462.0;426.0;539.0;107.6;538.0;168.0;0.0;277.2142857142873;214.0;12
2025.02.24 16:11;WIN$;61>161;PREVDAY;DOWN;1.0;131181.0;254.0;1172.0;234.2;1171.0;122.0;0.0;304.0714285714302;168.0;12
2025.02.25 10:38;WIN$;74>_11;GAP;UP;1.0;130224.0;167.0;494.0;-33.6;-168.0;71.0;71.0;214.78571428571604;96.0;9
2025.02.25 11:01;WIN$;100>161;GAP;UP;1.0;130417.0;91.0;356.0;-18.4;-92.0;71.0;71.0;265.285714285716;30.0;11
2025.02.25 11:47;WIN$;161>_200;GAP;UP;1.0;130682.0;213.0;2083.0;-45.0;-225.0;71.0;71.0;292.1428571428588;107.0;11
2025.02.25 18:12;WIN$;100>161;GAP;UP;1.0;130423.0;193.0;350.0;-38.6;-193.0;71.0;71.0;248.64285714285882;20.0;14
2025.02.26 10:06;WIN$;61>161;GAP;UP;1.0;130852.0;271.0;797.0;19.0;95.0;382.0;382.0;236.57142857143015;148.0;9
2025.02.26 10:47;WIN$;74>_11;GAP;UP;1.0;130798.0;774.0;793.0;158.4;792.0;382.0;382.0;296.7857142857159;687.0;10
2025.02.28 12:42;WIN$;100>161;GAP;DOWN;1.0;128193.0;262.0;381.0;-52.6;-263.0;61.0;61.0;306.64285714285876;199.0;12
2025.03.06 12:04;WIN$;61>161;PREVDAY;DOWN;1.0;127010.0;534.0;826.0;-117.0;-585.0;240.0;0.0;303.71428571428737;479.0;10
2025.03.07 15:22;WIN$;61>161;PREVDAY;UP;1.0;127799.0;559.0;1348.0;272.0;1360.0;112.0;0.0;421.285714285716;310.0;11
2025.03.10 14:36;WIN$;161>_200;GAP;DOWN;1.0;127649.0;485.0;3436.0;98.4;492.0;377.0;377.0;342.285714285716;102.0;11
2025.03.10 16:10;WIN$;100>161;GAP;DOWN;1.0;128049.0;340.0;484.0;96.6;483.0;377.0;377.0;304.50000000000176;280.0;14
2025.03.11 14:27;WIN$;61>161;PREVDAY;DOWN;1.0;127565.0;666.0;1270.0;253.8;1269.0;107.0;0.0;296.92857142857315;535.0;10
2025.03.11 17:41;WIN$;100>161;PREVDAY;DOWN;1.0;127122.0;376.0;827.0;-75.4;-377.0;107.0;0.0;240.78571428571604;326.0;17
2025.03.12 10:43;WIN$;61>161;PREVDAY;DOWN;1.0;127133.0;441.0;2353.0;-88.4;-442.0;91.0;0.0;347.21428571428754;255.0;10
2025.03.14 10:45;WIN$;61>161;GAP;UP;1.0;129905.0;236.0;543.0;108.6;543.0;188.0;188.0;179.5714285714305;117.0;9
2025.03.17 16:01;WIN$;100>161;PREVDAY;UP;1.0;132991.0;393.0;1995.0;399.0;1995.0;193.0;0.0;216.8571428571447;326.0;9
2025.03.17 18:20;WIN$;161>_200;PREVDAY;UP;1.0;134975.0;223.0;11766.0;46.4;232.0;193.0;0.0;166.57142857143054;97.0;16
2025.03.18 09:22;WIN$;61>161;GAP;DOWN;1.0;134186.0;259.0;799.0;-52.0;-260.0;244.0;244.0;216.00000000000202;127.0;9
2025.03.19 14:50;WIN$;100>161;PREVDAY;UP;1.0;135801.0;550.0;882.0;20.0;100.0;163.0;0.0;257.28571428571615;428.0;10
2025.03.19 17:12;WIN$;161>_200;PREVDAY;UP;1.0;136427.0;437.0;5898.0;-15.6;-78.0;163.0;0.0;269.0000000000018;300.0;16
2025.03.20 18:20;WIN$;61>161;GAP;DOWN;1.0;136065.0;427.0;1221.0;66.0;330.0;540.0;540.0;334.0000000000018;92.0;12
2025.03.21 10:01;WIN$;61>161;GAP;DOWN;1.0;135306.0;254.0;650.0;-51.0;-255.0;77.0;77.0;214.50000000000185;112.0;9
2025.03.24 09:41;WIN$;74>_11;GAP;UP;1.0;136258.0;427.0;801.0;160.6;803.0;377.0;377.0;282.42857142857343;127.0;9
2025.03.25 10:24;WIN$;61>161;PREVDAY;DOWN;1.0;135078.0;324.0;2101.0;-65.0;-325.0;148.0;0.0;232.21428571428788;239.0;10
2025.03.26 10:04;WIN$;61>161;PREVDAY;UP;1.0;136233.0;371.0;2207.0;-74.2;-371.0;194.0;0.0;238.57142857143074;290.0;10
2025.03.27 12:17;WIN$;74>_11;GAP;UP;1.0;136168.0;253.0;1278.0;-52.8;-264.0;366.0;366.0;413.00000000000216;107.0;12
2025.03.27 16:23;WIN$;100>161;GAP;UP;1.0;136733.0;356.0;764.0;-71.2;-356.0;366.0;366.0;276.78571428571644;270.0;15
2025.03.28 10:32;WIN$;61>161;GAP;DOWN;1.0;135520.0;763.0;783.0;-153.0;-765.0;61.0;61.0;241.07142857143072;708.0;9
2025.03.28 14:21;WIN$;161>_200;GAP;DOWN;1.0;134822.0;340.0;3602.0;-68.2;-341.0;61.0;61.0;384.1428571428593;188.0;12
2025.03.28 18:20;WIN$;100>161;GAP;DOWN;1.0;135280.0;214.0;543.0;19.0;95.0;61.0;61.0;306.6428571428593;86.0;17
2025.03.31 14:22;WIN$;100>161;GAP;DOWN;1.0;133829.0;412.0;585.0;119.0;595.0;448.0;448.0;292.6428571428592;301.0;10
2025.03.31 18:20;WIN$;100>161;GAP;DOWN;1.0;133779.0;355.0;535.0;66.2;331.0;448.0;448.0;202.35714285714488;245.0;15
2025.04.01 10:29;WIN$;100>161;PREVDAY;DOWN;1.0;133204.0;436.0;831.0;-87.4;-437.0;87.0;0.0;237.8571428571449;331.0;10
2025.04.02 17:01;WIN$;61>161;PREVDAY;UP;1.0;134407.0;256.0;2005.0;-52.0;-260.0;148.0;0.0;174.35714285714494;133.0;17
2025.04.03 10:09;WIN$;100>161;PREVDAY;DOWN;1.0;132780.0;738.0;1260.0;-150.0;-750.0;575.0;0.0;726.2857142857164;647.0;10
2025.04.03 13:50;WIN$;61>161;PREVDAY;DOWN;1.0;134176.0;319.0;2656.0;-64.0;-320.0;575.0;0.0;628.7142857142878;81.0;12
2025.04.04 10:30;WIN$;100>161;GAP;DOWN;1.0;131074.0;692.0;1701.0;12.0;60.0;1991.0;1991.0;531.1428571428594;295.0;10
2025.04.07 11:10;WIN$;61>161;GAP;DOWN;1.0;128421.0;355.0;2280.0;-0.4;-2.0;1345.0;1345.0;485.7857142857167;239.0;10
2025.04.08 09:58;WIN$;74>_11;GAP;UP;1.0;129164.0;697.0;1266.0;36.6;183.0;617.0;617.0;435.3571428571454;499.0;9
2025.04.08 10:36;WIN$;61>161;GAP;UP;1.0;129497.0;729.0;1371.0;17.8;89.0;617.0;617.0;459.42857142857395;535.0;10
2025.04.08 10:50;WIN$;100>161;GAP;UP;1.0;129587.0;244.0;1281.0;-48.8;-244.0;617.0;617.0;527.8571428571454;611.0;10
2025.04.08 12:09;WIN$;74>_11;GAP;UP;1.0;129342.0;519.0;1444.0;290.0;1450.0;617.0;617.0;523.071428571431;362.0;11
2025.04.10 10:45;WIN$;61>161;GAP;DOWN;1.0;129312.0;585.0;895.0;-120.6;-603.0;143.0;143.0;497.2857142857167;326.0;10
2025.04.10 11:33;WIN$;100>161;GAP;DOWN;1.0;129001.0;417.0;584.0;-83.6;-418.0;143.0;143.0;582.0714285714309;102.0;11
2025.04.10 12:43;WIN$;61>161;GAP;DOWN;1.0;129062.0;616.0;645.0;19.2;96.0;143.0;143.0;623.214285714288;454.0;12
2025.04.10 12:58;WIN$;100>161;GAP;DOWN;1.0;128965.0;310.0;548.0;109.4;547.0;143.0;143.0;644.9285714285737;474.0;12
2025.04.10 15:09;WIN$;161>_200;GAP;DOWN;1.0;128539.0;759.0;3804.0;19.2;96.0;143.0;143.0;585.6428571428595;535.0;14
2025.04.10 18:20;WIN$;161>_200;GAP;DOWN;1.0;128823.0;844.0;3520.0;-7.2;-36.0;143.0;143.0;632.7857142857166;749.0;17
2025.04.11 10:07;WIN$;61>161;GAP;UP;1.0;129863.0;596.0;862.0;-119.2;-596.0;433.0;433.0;463.78571428571655;423.0;9
2025.04.11 14:19;WIN$;100>161;GAP;UP;1.0;130055.0;365.0;670.0;-74.4;-372.0;433.0;433.0;491.85714285714505;194.0;14
2025.04.11 18:20;WIN$;161>_200;GAP;UP;1.0;130687.0;193.0;4477.0;91.4;457.0;433.0;433.0;359.9285714285736;112.0;16
2025.04.14 10:19;WIN$;61>161;GAP;UP;1.0;131589.0;809.0;1028.0;16.2;81.0;530.0;530.0;290.2857142857165;607.0;9
2025.04.14 11:37;WIN$;100>161;GAP;UP;1.0;131708.0;292.0;909.0;-58.6;-293.0;530.0;530.0;351.357142857145;179.0;11
2025.04.14 12:21;WIN$;74>_11;GAP;UP;1.0;131251.0;423.0;1322.0;-84.8;-424.0;530.0;530.0;408.85714285714505;174.0;12
2025.04.14 18:20;WIN$;100>161;GAP;UP;1.0;131692.0;322.0;925.0;47.6;238.0;530.0;530.0;395.857142857145;249.0;15
2025.04.15 09:44;WIN$;61>161;PREVDAY;UP;1.0;132226.0;494.0;1385.0;-99.0;-495.0;229.0;0.0;245.9285714285736;367.0;9
2025.04.15 10:20;WIN$;74>_11;PREVDAY;UP;1.0;131731.0;575.0;1126.0;-50.4;-252.0;229.0;0.0;266.00000000000216;188.0;9
2025.04.15 11:17;WIN$;61>161;PREVDAY;UP;1.0;132099.0;423.0;1512.0;-88.8;-444.0;229.0;0.0;274.78571428571644;306.0;10
2025.04.15 12:31;WIN$;74>_11;PREVDAY;UP;1.0;131656.0;802.0;1051.0;-69.0;-345.0;229.0;0.0;350.357142857145;224.0;11
2025.04.15 14:53;WIN$;61>161;PREVDAY;UP;1.0;131895.0;326.0;1716.0;-67.8;-339.0;229.0;0.0;394.2142857142878;66.0;12
2025.04.16 11:38;WIN$;100>161;PREVDAY;DOWN;1.0;131180.0;310.0;494.0;100.8;504.0;92.0;0.0;280.21428571428766;210.0;10
2025.04.16 15:12;WIN$;61>161;PREVDAY;DOWN;1.0;131379.0;501.0;693.0;17.6;88.0;92.0;0.0;354.64285714285916;445.0;14
2025.04.16 15:24;WIN$;100>161;PREVDAY;DOWN;1.0;131289.0;141.0;603.0;-30.4;-152.0;92.0;0.0;405.3571428571449;605.0;15
2025.04.17 11:51;WIN$;61>161;PREVDAY;DOWN;1.0;130965.0;405.0;1626.0;-81.2;-406.0;165.0;0.0;333.2142857142877;185.0;11
2025.04.22 18:20;WIN$;61>161;PREVDAY;UP;1.0;131801.0;471.0;2239.0;215.8;1079.0;130.0;0.0;312.50000000000205;270.0;11
2025.04.23 09:42;WIN$;100>161;GAP;UP;1.0;134626.0;196.0;1054.0;-39.2;-196.0;1000.0;1000.0;270.000000000002;45.0;9
2025.04.23 14:09;WIN$;161>_200;GAP;UP;1.0;135410.0;405.0;6080.0;38.8;194.0;1000.0;1000.0;368.9285714285735;285.0;12
2025.04.24 13:43;WIN$;61>161;PREVDAY;UP;1.0;135261.0;636.0;1535.0;307.4;1537.0;100.0;0.0;232.85714285714494;475.0;9
2025.04.24 14:53;WIN$;161>_200;PREVDAY;UP;1.0;136620.0;345.0;5830.0;-69.2;-346.0;100.0;0.0;323.2142857142878;210.0;14
2025.04.25 11:06;WIN$;74>_11;PREVDAY;UP;1.0;136681.0;384.0;2326.0;-79.0;-395.0;75.0;0.0;267.1428571428591;30.0;11
2025.04.28 11:44;WIN$;61>161;PREVDAY;UP;1.0;137167.0;377.0;838.0;167.6;838.0;160.0;0.0;194.64285714285907;275.0;9
2025.04.28 15:20;WIN$;161>_200;PREVDAY;UP;1.0;137806.0;314.0;3166.0;94.0;470.0;160.0;0.0;330.00000000000193;210.0;12
2025.04.28 18:20;WIN$;61>161;PREVDAY;UP;1.0;137172.0;247.0;833.0;28.6;143.0;160.0;0.0;228.2142857142875;180.0;16
2025.04.29 15:16;WIN$;61>161;PREVDAY;UP;1.0;137681.0;586.0;1149.0;20.0;100.0;55.0;0.0;221.07142857143037;185.0;10
2025.04.29 18:20;WIN$;74>_11;PREVDAY;UP;1.0;137695.0;185.0;1000.0;59.8;299.0;55.0;0.0;178.21428571428748;135.0;16
2025.05.02 18:20;WIN$;61>161;GAP;UP;1.0;137241.0;126.0;644.0;27.8;139.0;95.0;95.0;179.28571428571624;50.0;17
2025.05.05 10:20;WIN$;61>161;PREVDAY;UP;1.0;137182.0;297.0;1099.0;-59.4;-297.0;285.0;0.0;190.3571428571448;205.0;9
2025.05.05 11:00;WIN$;74>_11;PREVDAY;UP;1.0;137220.0;175.0;979.0;195.6;978.0;285.0;0.0;224.28571428571624;40.0;10
2025.05.06 13:13;WIN$;61>161;PREVDAY;DOWN;1.0;135879.0;391.0;1914.0;17.6;88.0;185.0;0.0;213.2142857142877;260.0;10
2025.05.06 16:24;WIN$;100>161;PREVDAY;DOWN;1.0;135231.0;324.0;1266.0;-65.0;-325.0;185.0;0.0;235.35714285714494;265.0;15
2025.05.07 10:08;WIN$;61>161;GAP;UP;1.0;136306.0;356.0;744.0;-71.2;-356.0;315.0;315.0;179.64285714285924;310.0;9
2025.05.08 10:04;WIN$;100>161;GAP;UP;1.0;137081.0;351.0;718.0;145.2;726.0;945.0;945.0;311.4285714285736;290.0;9
2025.05.09 11:32;WIN$;61>161;PREVDAY;UP;1.0;138447.0;217.0;3175.0;16.6;83.0;155.0;0.0;218.21428571428777;125.0;9
2025.05.09 15:31;WIN$;74>_11;PREVDAY;UP;1.0;138530.0;590.0;2532.0;19.8;99.0;155.0;0.0;299.28571428571627;190.0;11
2025.05.09 17:00;WIN$;61>161;PREVDAY;UP;1.0;138431.0;306.0;3191.0;-61.2;-306.0;155.0;0.0;202.50000000000207;135.0;15
2025.05.12 11:10;WIN$;74>_11;GAP;UP;1.0;139665.0;695.0;1692.0;150.8;754.0;1130.0;1130.0;272.1428571428592;640.0;9
2025.05.14 12:18;WIN$;74>_11;PREVDAY;UP;1.0;140476.0;324.0;2509.0;-15.0;-75.0;105.0;0.0;277.5000000000021;210.0;11
2025.05.14 17:03;WIN$;61>161;PREVDAY;UP;1.0;140222.0;182.0;3014.0;-36.4;-182.0;105.0;0.0;207.14285714285938;130.0;15
2025.05.16 10:03;WIN$;100>161;GAP;DOWN;1.0;139721.0;339.0;442.0;90.6;453.0;165.0;165.0;258.92857142857366;270.0;9
2025.05.16 14:53;WIN$;161>_200;GAP;DOWN;1.0;139396.0;216.0;3899.0;175.8;879.0;165.0;165.0;406.7857142857166;150.0;12
2025.05.16 15:39;WIN$;61>161;GAP;DOWN;1.0;140380.0;245.0;1101.0;-50.2;-251.0;165.0;165.0;247.50000000000236;190.0;15
2025.05.20 09:51;WIN$;74>_11;PREVDAY;UP;1.0;141204.0;196.0;1527.0;-42.4;-212.0;200.0;0.0;151.7857142857167;95.0;9
2025.05.20 14:21;WIN$;61>161;PREVDAY;UP;1.0;141152.0;262.0;1728.0;-53.4;-267.0;200.0;0.0;261.42857142857383;125.0;13
2025.05.21 11:13;WIN$;74>_11;PREVDAY;UP;1.0;141305.0;260.0;1073.0;214.4;1072.0;105.0;0.0;189.64285714285964;115.0;9
2025.05.22 10:01;WIN$;100>161;PREVDAY;DOWN;1.0;138725.0;535.0;1619.0;-111.2;-556.0;160.0;0.0;194.64285714285955;340.0;9
2025.05.22 18:04;WIN$;61>161;PREVDAY;DOWN;1.0;139716.0;279.0;2610.0;525.8;2629.0;160.0;0.0;257.50000000000244;190.0;15
2025.05.23 10:27;WIN$;61>161;PREVDAY;DOWN;1.0;136510.0;830.0;4410.0;19.2;96.0;1430.0;0.0;637.5000000000024;770.0;9
2025.05.23 11:06;WIN$;61>161;PREVDAY;DOWN;1.0;136990.0;380.0;4890.0;-78.2;-391.0;1430.0;0.0;737.1428571428595;165.0;11
2025.05.26 09:30;WIN$;100>161;PREVDAY;UP;1.0;139290.0;335.0;1920.0;-67.4;-337.0;155.0;0.0;283.9285714285738;90.0;9
2025.05.27 10:11;WIN$;61>161;GAP;UP;1.0;140692.0;722.0;1019.0;16.6;83.0;545.0;545.0;200.35714285714513;665.0;9
2025.05.27 15:49;WIN$;100>161;GAP;UP;1.0;140906.0;201.0;805.0;-40.8;-204.0;545.0;545.0;222.8571428571451;140.0;15
2025.05.29 10:05;WIN$;61>161;PREVDAY;DOWN;1.0;139925.0;725.0;1296.0;15.4;77.0;95.0;0.0;181.78571428571664;675.0;9
2025.05.29 13:21;WIN$;100>161;PREVDAY;DOWN;1.0;139495.0;265.0;866.0;16.8;84.0;95.0;0.0;372.50000000000233;150.0;12
2025.05.30 09:55;WIN$;61>161;PREVDAY;DOWN;1.0;139215.0;740.0;1471.0;-151.8;-759.0;115.0;0.0;207.50000000000236;385.0;9
2025.05.30 15:47;WIN$;161>_200;PREVDAY;DOWN;1.0;137802.0;317.0;6328.0;87.6;438.0;115.0;0.0;338.9285714285737;120.0;13
2025.06.02 18:20;WIN$;61>161;PREVDAY;DOWN;1.0;138155.0;615.0;2171.0;141.8;709.0;285.0;0.0;365.714285714288;485.0;10
2025.06.03 11:21;WIN$;100>161;PREVDAY;DOWN;1.0;137068.0;377.0;1268.0;-75.6;-378.0;175.0;0.0;261.0714285714309;255.0;11
2025.06.03 16:14;WIN$;61>161;PREVDAY;DOWN;1.0;138051.0;259.0;2251.0;-53.0;-265.0;175.0;0.0;251.07142857143089;150.0;15
2025.06.04 11:33;WIN$;61>161;GAP;UP;1.0;139005.0;405.0;741.0;20.0;100.0;75.0;75.0;199.64285714285947;355.0;9
2025.06.04 12:16;WIN$;74>_11;GAP;UP;1.0;139015.0;355.0;719.0;144.8;724.0;75.0;75.0;371.4285714285737;270.0;11
2025.06.05 12:56;WIN$;100>161;PREVDAY;DOWN;1.0;137230.0;615.0;1094.0;-123.6;-618.0;115.0;0.0;284.64285714285944;530.0;11
2025.06.06 10:34;WIN$;61>161;PREVDAY;DOWN;1.0;136949.0;506.0;1417.0;-103.4;-517.0;100.0;0.0;185.3571428571451;445.0;9
2025.06.06 12:34;WIN$;100>161;PREVDAY;DOWN;1.0;136420.0;440.0;888.0;-93.0;-465.0;100.0;0.0;352.5000000000023;385.0;11
2025.06.09 10:40;WIN$;61>161;PREVDAY;DOWN;1.0;136455.0;795.0;1161.0;239.8;1199.0;210.0;0.0;220.35714285714505;320.0;9
2025.06.09 18:20;WIN$;161>_200;PREVDAY;DOWN;1.0;135405.0;275.0;4900.0;178.0;890.0;210.0;0.0;479.2857142857165;200.0;12
2025.06.10 09:59;WIN$;100>161;GAP;UP;1.0;137556.0;166.0;739.0;-34.0;-170.0;270.0;270.0;213.21428571428788;100.0;9
2025.06.10 10:38;WIN$;74>_11;GAP;UP;1.0;137165.0;425.0;1075.0;17.0;85.0;270.0;270.0;242.14285714285927;200.0;10
2025.06.10 11:36;WIN$;61>161;GAP;UP;1.0;137191.0;626.0;1104.0;19.8;99.0;270.0;270.0;320.7142857142878;460.0;10
2025.06.10 13:28;WIN$;100>161;GAP;UP;1.0;137526.0;206.0;769.0;-41.2;-206.0;270.0;270.0;358.5714285714308;120.0;13
2025.06.11 16:36;WIN$;61>161;PREVDAY;UP;1.0;137546.0;391.0;1195.0;-81.2;-406.0;215.0;0.0;340.0000000000023;330.0;14
2025.06.11 16:53;WIN$;74>_11;PREVDAY;UP;1.0;137140.0;480.0;803.0;-73.2;-366.0;215.0;0.0;258.5714285714309;125.0;16
2025.06.11 18:20;WIN$;61>161;PREVDAY;UP;1.0;137460.0;235.0;1281.0;-13.0;-65.0;215.0;0.0;249.2857142857166;145.0;17
2025.06.12 10:29;WIN$;100>161;GAP;DOWN;1.0;136415.0;360.0;437.0;-73.2;-366.0;355.0;355.0;287.8571428571451;305.0;10
2025.06.13 11:25;WIN$;61>161;GAP;DOWN;1.0;137342.0;638.0;915.0;16.2;81.0;385.0;385.0;326.78571428571655;465.0;11
2025.06.13 12:17;WIN$;100>161;GAP;DOWN;1.0;137259.0;286.0;832.0;-60.4;-302.0;385.0;385.0;413.57142857143083;590.0;11
2025.06.13 13:35;WIN$;61>161;GAP;DOWN;1.0;137516.0;219.0;1089.0;-45.0;-225.0;385.0;385.0;377.8571428571451;25.0;12
2025.06.16 10:02;WIN$;100>161;GAP;UP;1.0;138846.0;281.0;615.0;-56.2;-281.0;135.0;135.0;283.2142857142879;220.0;9
2025.06.17 12:51;WIN$;74>_11;GAP;UP;1.0;141753.0;233.0;2316.0;95.8;479.0;1975.0;1975.0;444.71428571428777;163.0;11
2025.06.17 17:57;WIN$;61>161;GAP;UP;1.0;141591.0;260.0;2518.0;-52.2;-261.0;1975.0;1975.0;216.21428571428783;194.0;17
2025.06.18 13:51;WIN$;61>161;PREVDAY;DOWN;1.0;141316.0;529.0;1343.0;-106.0;-530.0;178.0;0.0;228.07142857143066;375.0;9
2025.06.20 09:43;WIN$;61>161;PREVDAY;DOWN;1.0;141346.0;449.0;939.0;187.6;938.0;155.0;0.0;234.2857142857164;240.0;9
2025.06.23 16:58;WIN$;100>161;PREVDAY;DOWN;1.0;139145.0;485.0;1348.0;19.8;99.0;140.0;0.0;243.92857142857346;260.0;10
2025.06.24 09:37;WIN$;61>161;PREVDAY;DOWN;1.0;138866.0;244.0;1550.0;-49.0;-245.0;120.0;0.0;202.500000000002;175.0;9
2025.06.25 10:14;WIN$;100>161;PREVDAY;DOWN;1.0;138380.0;555.0;995.0;-111.2;-556.0;170.0;0.0;205.7142857142876;485.0;9
2025.06.26 09:51;WIN$;74>_11;GAP;UP;1.0;138554.0;321.0;620.0;-64.4;-322.0;115.0;115.0;230.71428571428748;105.0;9
2025.06.26 12:24;WIN$;161>_200;GAP;UP;1.0;139320.0;215.0;2920.0;-43.2;-216.0;115.0;115.0;364.2857142857161;30.0;12
2025.06.27 10:16;WIN$;74>_11;PREVDAY;UP;1.0;139230.0;560.0;1073.0;60.8;304.0;155.0;0.0;178.92857142857332;370.0;9
2025.06.27 11:32;WIN$;61>161;PREVDAY;UP;1.0;139265.0;265.0;1366.0;-53.0;-265.0;155.0;0.0;374.2857142857162;160.0;11
2025.06.27 14:36;WIN$;74>_11;PREVDAY;UP;1.0;139340.0;165.0;1183.0;-12.8;-64.0;155.0;0.0;288.2142857142876;85.0;13
2025.06.27 18:20;WIN$;61>161;PREVDAY;UP;1.0;139250.0;240.0;1381.0;9.0;45.0;155.0;0.0;182.8571428571447;165.0;17
2025.07.01 18:20;WIN$;100>161;PREVDAY;UP;1.0;141457.0;782.0;2110.0;58.6;293.0;235.0;0.0;220.00000000000196;555.0;9
2025.07.02 10:28;WIN$;100>161;PREVDAY;UP;1.0;141971.0;476.0;736.0;-95.2;-476.0;130.0;0.0;149.6428571428592;140.0;9
2025.07.02 10:53;WIN$;74>_11;PREVDAY;UP;1.0;141636.0;449.0;1056.0;211.0;1055.0;130.0;0.0;231.4285714285735;220.0;10
2025.07.02 14:57;WIN$;61>161;PREVDAY;UP;1.0;141517.0;162.0;1190.0;-32.4;-162.0;130.0;0.0;230.000000000002;90.0;14
2025.07.07 11:04;WIN$;61>161;GAP;DOWN;1.0;143034.0;361.0;778.0;155.4;777.0;115.0;115.0;217.85714285714496;295.0;9
2025.07.08 18:20;WIN$;100>161;PREVDAY;DOWN;1.0;140960.0;525.0;1218.0;-77.2;-386.0;115.0;0.0;238.57142857143066;475.0;10
2025.07.09 12:02;WIN$;100>161;PREVDAY;DOWN;1.0;140236.0;544.0;550.0;110.0;550.0;120.0;0.0;305.35714285714494;480.0;10
2025.07.09 14:32;WIN$;161>_200;PREVDAY;DOWN;1.0;139821.0;291.0;4804.0;-39.0;-195.0;120.0;0.0;278.9285714285735;225.0;12
2025.07.11 11:11;WIN$;61>161;GAP;DOWN;1.0;137784.0;301.0;892.0;9.6;48.0;405.0;405.0;263.5714285714307;245.0;9
2025.07.11 15:22;WIN$;100>161;GAP;DOWN;1.0;137394.0;301.0;502.0;-60.4;-302.0;405.0;405.0;380.35714285714494;215.0;12
2025.07.14 09:57;WIN$;100>161;PREVDAY;DOWN;1.0;136891.0;484.0;658.0;-101.8;-509.0;0.0;0.0;208.9285714285735;335.0;9
2025.07.15 09:57;WIN$;61>161;PREVDAY;DOWN;1.0;136551.0;379.0;1250.0;-77.4;-387.0;0.0;0.0;154.2857142857164;330.0;9
2025.07.15 14:56;WIN$;100>161;PREVDAY;DOWN;1.0;136105.0;745.0;804.0;-150.2;-751.0;0.0;0.0;353.21428571428794;465.0;10
2025.07.15 17:32;WIN$;61>161;PREVDAY;DOWN;1.0;136625.0;240.0;1324.0;-49.2;-246.0;0.0;0.0;275.714285714288;195.0;15
2025.07.16 10:31;WIN$;61>161;PREVDAY;UP;1.0;137011.0;776.0;1689.0;-155.2;-776.0;0.0;0.0;188.92857142857375;370.0;9
2025.07.18 10:10;WIN$;61>161;GAP;DOWN;1.0;135905.0;785.0;950.0;19.8;99.0;100.0;100.0;198.57142857143089;660.0;9
2025.07.18 10:10;WIN$;100>161;GAP;DOWN;1.0;135804.0;16.0;849.0;-3.4;-17.0;100.0;100.0;293.21428571428805;185.0;10
2025.07.18 13:13;WIN$;61>161;GAP;DOWN;1.0;135935.0;365.0;980.0;196.6;983.0;100.0;100.0;393.5714285714309;260.0;11
2025.07.18 13:51;WIN$;161>_200;GAP;DOWN;1.0;134966.0;196.0;4349.0;-40.2;-201.0;100.0;100.0;284.28571428571655;65.0;13
2025.07.21 11:04;WIN$;61>161;PREVDAY;DOWN;1.0;135140.0;435.0;2270.0;-87.2;-436.0;175.0;0.0;271.07142857143083;335.0;9
2025.07.22 13:21;WIN$;61>161;PREVDAY;UP;1.0;135637.0;532.0;1655.0;20.0;100.0;170.0;0.0;222.85714285714508;425.0;10
2025.07.22 17:09;WIN$;74>_11;PREVDAY;UP;1.0;135505.0;330.0;1702.0;44.8;224.0;170.0;0.0;239.28571428571658;255.0;14
2025.07.22 18:20;WIN$;61>161;PREVDAY;UP;1.0;135355.0;150.0;1937.0;26.0;130.0;170.0;0.0;167.5000000000023;80.0;17
2025.07.23 18:20;WIN$;61>161;PREVDAY;UP;1.0;136032.0;412.0;1342.0;53.6;268.0;150.0;0.0;415.35714285714505;290.0;11
2025.07.24 18:20;WIN$;61>161;GAP;DOWN;1.0;135321.0;889.0;1016.0;129.0;645.0;100.0;100.0;211.0714285714308;745.0;9
2025.07.25 10:19;WIN$;61>161;PREVDAY;DOWN;1.0;135105.0;440.0;1615.0;19.8;99.0;285.0;0.0;226.42857142857355;320.0;9
2025.07.25 11:04;WIN$;100>161;PREVDAY;DOWN;1.0;134465.0;310.0;975.0;-65.2;-326.0;285.0;0.0;332.1428571428592;45.0;11
2025.07.28 10:58;WIN$;61>161;PREVDAY;DOWN;1.0;134404.0;491.0;1244.0;249.6;1248.0;150.0;0.0;225.35714285714485;405.0;9
2025.07.29 11:07;WIN$;61>161;PREVDAY;DOWN;1.0;133135.0;245.0;2376.0;-49.2;-246.0;185.0;0.0;232.500000000002;175.0;10
2025.07.30 10:51;WIN$;61>161;PREVDAY;UP;1.0;133642.0;387.0;1280.0;-77.4;-387.0;75.0;0.0;337.8571428571448;190.0;10
2025.07.31 10:50;WIN$;61>161;GAP;DOWN;1.0;133401.0;859.0;971.0;17.0;85.0;345.0;345.0;574.2857142857164;580.0;9
2025.07.31 12:09;WIN$;100>161;GAP;DOWN;1.0;133065.0;475.0;635.0;-97.2;-486.0;345.0;345.0;366.78571428571644;365.0;11
2025.08.01 15:33;WIN$;61>161;GAP;DOWN;1.0;133016.0;264.0;1000.0;-56.0;-280.0;380.0;380.0;339.28571428571655;110.0;14
2025.08.04 10:05;WIN$;61>161;GAP;UP;1.0;134050.0;560.0;1089.0;19.6;98.0;65.0;65.0;296.7857142857165;425.0;9
2025.08.04 10:22;WIN$;100>161;GAP;UP;1.0;134149.0;194.0;990.0;-43.8;-219.0;65.0;65.0;341.92857142857366;375.0;10
2025.08.04 12:04;WIN$;61>161;GAP;UP;1.0;133741.0;251.0;1398.0;-52.2;-261.0;65.0;65.0;428.21428571428794;160.0;11
2025.08.05 12:05;WIN$;61>161;PREVDAY;DOWN;1.0;133281.0;354.0;1560.0;-74.0;-370.0;485.0;0.0;521.0714285714308;270.0;11
2025.08.06 10:52;WIN$;61>161;GAP;UP;1.0;134571.0;881.0;901.0;180.2;901.0;200.0;200.0;208.57142857143077;805.0;9
2025.08.06 18:20;WIN$;100>161;GAP;UP;1.0;134766.0;216.0;706.0;25.8;129.0;200.0;200.0;180.35714285714502;120.0;18
2025.08.08 10:52;WIN$;61>161;GAP;DOWN;1.0;136519.0;291.0;573.0;121.0;605.0;150.0;150.0;193.9285714285736;190.0;9
2025.08.08 12:42;WIN$;161>_200;GAP;DOWN;1.0;136150.0;405.0;2455.0;38.0;190.0;150.0;150.0;309.64285714285927;305.0;11
2025.08.08 15:15;WIN$;100>161;GAP;DOWN;1.0;136294.0;321.0;348.0;-65.0;-325.0;150.0;150.0;306.7857142857164;190.0;12
2025.08.08 18:20;WIN$;161>_200;GAP;DOWN;1.0;136101.0;226.0;2504.0;31.8;159.0;150.0;150.0;229.28571428571647;160.0;16
2025.08.11 12:59;WIN$;61>161;PREVDAY;DOWN;1.0;135875.0;405.0;819.0;-83.2;-416.0;140.0;0.0;192.5000000000022;320.0;9
2025.08.11 15:11;WIN$;100>161;PREVDAY;DOWN;1.0;135696.0;129.0;640.0;-28.0;-140.0;140.0;0.0;248.21428571428785;45.0;14
2025.08.12 18:20;WIN$;100>161;GAP;UP;1.0;139885.0;685.0;1884.0;258.2;1291.0;3273.0;3273.0;431.6428571428593;619.0;9
2025.08.13 09:42;WIN$;61>161;PREVDAY;UP;1.0;140616.0;226.0;2405.0;-45.2;-226.0;204.0;0.0;203.2142857142877;75.0;9
2025.08.14 18:20;WIN$;61>161;PREVDAY;DOWN;1.0;139911.0;434.0;1564.0;106.0;530.0;115.0;0.0;405.71428571428777;360.0;12
2025.08.15 10:40;WIN$;61>161;PREVDAY;DOWN;1.0;139089.0;461.0;1825.0;19.8;99.0;110.0;0.0;154.64285714285913;410.0;9
2025.08.15 16:23;WIN$;100>161;PREVDAY;DOWN;1.0;138460.0;300.0;1196.0;-61.0;-305.0;110.0;0.0;215.3571428571448;150.0;15
2025.08.21 10:30;WIN$;61>161;PREVDAY;UP;1.0;137347.0;922.0;1063.0;-184.4;-922.0;240.0;0.0;335.0000000000019;1090.0;10
2025.08.22 10:01;WIN$;100>161;PREVDAY;UP;1.0;137655.0;700.0;939.0;20.0;100.0;90.0;0.0;178.92857142857332;485.0;9
2025.08.25 11:04;WIN$;100>161;PREVDAY;UP;1.0;141341.0;611.0;2007.0;-122.8;-614.0;195.0;0.0;199.64285714285893;560.0;9
2025.08.26 11:35;WIN$;61>161;GAP;DOWN;1.0;140220.0;370.0;597.0;119.2;596.0;75.0;75.0;216.78571428571607;255.0;10
2025.08.26 18:20;WIN$;161>_200;GAP;DOWN;1.0;139717.0;202.0;2728.0;146.6;733.0;75.0;75.0;208.9285714285732;125.0;14
2025.08.27 12:17;WIN$;61>161;GAP;DOWN;1.0;139909.0;296.0;978.0;-61.4;-307.0;215.0;215.0;335.7142857142875;200.0;11
2025.08.28 10:56;WIN$;61>161;GAP;UP;1.0;142621.0;556.0;1019.0;207.8;1039.0;620.0;620.0;284.2857142857161;475.0;9
2025.08.28 17:17;WIN$;161>_200;GAP;UP;1.0;143630.0;185.0;5200.0;-37.2;-186.0;620.0;620.0;158.92857142857326;135.0;17
2025.09.01 10:17;WIN$;61>161;PREVDAY;UP;1.0;144212.0;227.0;1740.0;-46.4;-232.0;160.0;0.0;187.142857142859;165.0;10
2025.09.02 10:37;WIN$;100>161;GAP;DOWN;1.0;142081.0;374.0;844.0;-79.0;-395.0;720.0;720.0;274.6428571428589;190.0;9
2025.09.02 13:01;WIN$;61>161;GAP;DOWN;1.0;142604.0;511.0;1367.0;19.8;99.0;720.0;720.0;507.50000000000176;355.0;12
2025.09.02 13:55;WIN$;61>161;GAP;DOWN;1.0;142581.0;224.0;1344.0;-47.0;-235.0;720.0;720.0;406.78571428571604;150.0;13
2025.09.02 16:23;WIN$;100>161;GAP;DOWN;1.0;142145.0;330.0;908.0;-66.2;-331.0;720.0;720.0;247.1428571428589;220.0;15
2025.09.03 11:11;WIN$;61>161;PREVDAY;DOWN;1.0;142170.0;225.0;1565.0;-45.6;-228.0;130.0;0.0;202.50000000000176;180.0;10
2025.09.04 10:54;WIN$;61>161;PREVDAY;DOWN;1.0;141924.0;421.0;1091.0;-85.4;-427.0;120.0;0.0;239.6428571428587;300.0;10
2025.09.09 09:20;WIN$;61>161;PREVDAY;DOWN;1.0;143836.0;209.0;1853.0;-42.0;-210.0;90.0;0.0;136.78571428571598;95.0;9
2025.09.11 09:22;WIN$;61>161;PREVDAY;UP;1.0;144191.0;361.0;1937.0;-73.2;-366.0;110.0;0.0;174.28571428571598;35.0;9
2025.09.11 10:40;WIN$;74>_11;PREVDAY;UP;1.0;144260.0;470.0;1526.0;-40.2;-201.0;110.0;0.0;334.285714285716;315.0;10
2025.09.11 15:17;WIN$;100>161;PREVDAY;UP;1.0;145225.0;445.0;903.0;-89.0;-445.0;110.0;0.0;431.0714285714303;350.0;11
2025.09.12 13:11;WIN$;161>_200;GAP;DOWN;1.0;143981.0;481.0;2279.0;43.8;219.0;230.0;230.0;234.28571428571607;365.0;10
2025.09.12 18:20;WIN$;61>161;GAP;DOWN;1.0;144201.0;344.0;456.0;17.0;85.0;230.0;230.0;357.85714285714465;190.0;13
2025.09.16 09:41;WIN$;100>161;GAP;UP;1.0;146148.0;523.0;778.0;-105.2;-526.0;435.0;435.0;260.3571428571446;365.0;9
2025.09.16 10:42;WIN$;74>_11;GAP;UP;1.0;145700.0;335.0;1178.0;-72.6;-363.0;435.0;435.0;357.50000000000165;120.0;10
2025.09.16 16:56;WIN$;61>161;GAP;UP;1.0;145636.0;226.0;1290.0;-45.2;-226.0;435.0;435.0;202.5000000000017;130.0;16
2025.09.18 10:40;WIN$;61>161;PREVDAY;UP;1.0;146915.0;310.0;2698.0;-62.0;-310.0;155.0;0.0;247.85714285714454;160.0;10
2025.09.19 10:30;WIN$;61>161;PREVDAY;UP;1.0;147021.0;301.0;1035.0;20.0;100.0;185.0;0.0;197.50000000000162;225.0;9
2025.09.19 13:16;WIN$;74>_11;PREVDAY;UP;1.0;147034.0;316.0;835.0;-24.4;-122.0;185.0;0.0;275.3571428571445;220.0;10
2025.09.19 16:35;WIN$;100>161;PREVDAY;UP;1.0;147411.0;191.0;645.0;-38.2;-191.0;185.0;0.0;173.92857142857306;105.0;15
2025.09.19 18:20;WIN$;74>_11;PREVDAY;UP;1.0;147015.0;235.0;816.0;29.8;149.0;185.0;0.0;146.78571428571593;185.0;17
2025.09.22 14:34;WIN$;61>161;GAP;DOWN;1.0;146240.0;195.0;1006.0;-40.2;-201.0;55.0;55.0;325.7142857142873;120.0;13
2025.09.24 11:57;WIN$;61>161;PREVDAY;UP;1.0;147611.0;271.0;2207.0;-54.2;-271.0;90.0;0.0;172.14285714285887;160.0;9
2025.09.24 13:18;WIN$;74>_11;PREVDAY;UP;1.0;147341.0;534.0;1577.0;-12.0;-60.0;90.0;0.0;295.7142857142874;255.0;11
2025.09.24 14:17;WIN$;61>161;PREVDAY;UP;1.0;147521.0;106.0;2297.0;-22.0;-110.0;90.0;0.0;236.0714285714303;60.0;14
2025.09.25 10:14;WIN$;61>161;GAP;DOWN;1.0;147860.0;545.0;753.0;150.4;752.0;175.0;175.0;356.4285714285732;415.0;9
2025.09.25 13:49;WIN$;161>_200;GAP;DOWN;1.0;147240.0;410.0;4100.0;-16.6;-83.0;175.0;175.0;393.21428571428737;255.0;12
2025.09.26 18:20;WIN$;61>161;PREVDAY;DOWN;1.0;146396.0;824.0;1887.0;3.0;15.0;180.0;0.0;307.5000000000017;710.0;10
2025.09.29 09:46;WIN$;100>161;GAP;UP;1.0;147490.0;320.0;328.0;65.6;328.0;200.0;200.0;174.2857142857161;265.0;9
2025.09.29 13:59;WIN$;161>_200;GAP;UP;1.0;147694.0;441.0;3259.0;44.6;223.0;200.0;200.0;380.35714285714477;310.0;11
2025.09.29 18:20;WIN$;100>161;GAP;UP;1.0;147277.0;162.0;541.0;-0.4;-2.0;200.0;200.0;194.642857142859;90.0;15
2025.09.30 10:46;WIN$;61>161;PREVDAY;UP;1.0;148241.0;401.0;2384.0;-80.2;-401.0;90.0;0.0;183.2142857142875;345.0;10
2025.10.01 18:20;WIN$;61>161;PREVDAY;DOWN;1.0;147155.0;490.0;1673.0;166.8;834.0;110.0;0.0;377.85714285714465;165.0;10
2025.10.06 13:57;WIN$;61>161;PREVDAY;DOWN;1.0;144399.0;551.0;776.0;19.8;99.0;150.0;0.0;310.0000000000019;260.0;11
2025.10.06 18:20;WIN$;100>161;PREVDAY;DOWN;1.0;144211.0;319.0;588.0;21.0;105.0;150.0;0.0;225.00000000000185;240.0;14
2025.10.07 10:43;WIN$;61>161;GAP;DOWN;1.0;143254.0;511.0;777.0;155.2;776.0;285.0;285.0;180.00000000000188;390.0;9
2025.10.08 10:26;WIN$;61>161;PREVDAY;DOWN;1.0;142159.0;296.0;2157.0;-59.4;-297.0;120.0;0.0;178.21428571428763;140.0;9
2025.10.09 10:45;WIN$;61>161;GAP;UP;1.0;143491.0;686.0;698.0;-137.2;-686.0;200.0;200.0;216.7857142857162;590.0;9
2025.10.10 11:09;WIN$;61>161;PREVDAY;DOWN;1.0;142190.0;545.0;1610.0;19.8;99.0;90.0;0.0;209.64285714285904;460.0;10
2025.10.10 11:47;WIN$;100>161;PREVDAY;DOWN;1.0;142091.0;389.0;1511.0;15.0;75.0;90.0;0.0;360.0000000000019;545.0;11
2025.10.10 13:48;WIN$;100>161;PREVDAY;DOWN;1.0;141560.0;505.0;980.0;195.8;979.0;90.0;0.0;459.642857142859;325.0;12
2025.10.10 17:51;WIN$;161>_200;PREVDAY;DOWN;1.0;140757.0;297.0;7023.0;-21.0;-105.0;90.0;0.0;353.92857142857326;230.0;14
2025.10.13 17:18;WIN$;100>161;GAP;UP;1.0;141992.0;327.0;1170.0;-65.4;-327.0;1200.0;1200.0;350.3571428571447;225.0;9
2025.10.14 10:27;WIN$;100>161;GAP;UP;1.0;144339.0;583.0;1142.0;18.2;91.0;1932.0;1932.0;336.78571428571604;476.0;9
2025.10.14 13:47;WIN$;161>_200;GAP;UP;1.0;145243.0;627.0;8608.0;-76.6;-383.0;1932.0;1932.0;570.4285714285732;501.0;11
2025.10.15 11:19;WIN$;61>161;PREVDAY;UP;1.0;145585.0;935.0;1633.0;18.0;90.0;296.0;0.0;385.7857142857159;875.0;11
2025.10.15 11:40;WIN$;100>161;PREVDAY;UP;1.0;145676.0;146.0;1542.0;-29.2;-146.0;296.0;0.0;438.50000000000165;365.0;11
2025.10.15 14:47;WIN$;74>_11;PREVDAY;UP;1.0;145000.0;670.0;1667.0;-135.6;-678.0;296.0;0.0;333.9285714285731;585.0;14
2025.10.15 15:35;WIN$;100>161;PREVDAY;UP;1.0;145980.0;345.0;1238.0;-70.0;-350.0;296.0;0.0;315.00000000000165;275.0;15
2025.10.16 12:41;WIN$;61>161;PREVDAY;UP;1.0;145491.0;421.0;1904.0;17.8;89.0;135.0;0.0;375.71428571428737;330.0;11
2025.10.16 13:50;WIN$;74>_11;PREVDAY;UP;1.0;145530.0;440.0;1772.0;4.8;24.0;135.0;0.0;399.6428571428588;300.0;12
2025.10.16 17:19;WIN$;74>_11;PREVDAY;UP;1.0;145360.0;320.0;1602.0;29.8;149.0;135.0;0.0;367.1428571428589;225.0;14
2025.10.17 10:31;WIN$;61>161;PREVDAY;DOWN;1.0;144739.0;441.0;1562.0;19.8;99.0;185.0;0.0;218.92857142857315;335.0;9
2025.10.20 10:16;WIN$;100>161;PREVDAY;UP;1.0;146762.0;352.0;1306.0;-77.2;-386.0;365.0;0.0;205.00000000000162;255.0;9
2025.10.20 18:20;WIN$;161>_200;PREVDAY;UP;1.0;147869.0;301.0;8719.0;113.6;568.0;365.0;0.0;255.71428571428737;245.0;14
2025.10.21 09:33;WIN$;61>161;PREVDAY;UP;1.0;147556.0;246.0;1873.0;-49.8;-249.0;110.0;0.0;155.71428571428737;160.0;9
2025.10.22 10:33;WIN$;61>161;GAP;DOWN;1.0;146796.0;489.0;648.0;-98.0;-490.0;60.0;60.0;279.64285714285876;405.0;10
2025.10.23 10:13;WIN$;161>_200;PREVDAY;UP;1.0;148660.0;435.0;4855.0;-87.2;-436.0;95.0;0.0;233.92857142857298;225.0;10
2025.10.24 10:15;WIN$;61>161;PREVDAY;UP;1.0;148751.0;351.0;1211.0;245.8;1229.0;175.0;0.0;131.7857142857159;200.0;9
2025.10.24 13:56;WIN$;100>161;PREVDAY;UP;1.0;149160.0;280.0;802.0;-56.0;-280.0;175.0;0.0;406.0714285714302;215.0;12
2025.10.27 10:22;WIN$;100>161;GAP;UP;1.0;150587.0;417.0;828.0;-84.4;-422.0;1050.0;1050.0;238.2142857142873;285.0;10
2025.10.27 11:50;WIN$;74>_11;GAP;UP;1.0;149860.0;315.0;1240.0;-22.8;-114.0;1050.0;1050.0;348.21428571428726;245.0;11
2025.10.28 10:27;WIN$;61>161;GAP;DOWN;1.0;149270.0;430.0;721.0;-89.2;-446.0;100.0;100.0;138.2142857142873;250.0;9
2025.10.29 09:41;WIN$;74>_11;PREVDAY;UP;1.0;150055.0;780.0;1162.0;-29.2;-146.0;215.0;0.0;178.57142857143015;415.0;9
2025.10.29 11:22;WIN$;100>161;PREVDAY;UP;1.0;150565.0;365.0;862.0;173.0;865.0;215.0;0.0;228.928571428573;215.0;10
2025.10.29 13:30;WIN$;161>_200;PREVDAY;UP;1.0;151365.0;140.0;5220.0;-28.2;-141.0;215.0;0.0;260.00000000000153;70.0;13
2025.10.30 10:00;WIN$;61>161;GAP;DOWN;1.0;150690.0;360.0;720.0;145.8;729.0;235.0;235.0;247.85714285714445;315.0;9
2025.10.31 10:37;WIN$;100>161;PREVDAY;UP;1.0;151845.0;450.0;1121.0;-90.0;-450.0;125.0;0.0;141.0714285714302;355.0;9
2025.11.03 09:44;WIN$;100>161;PREVDAY;UP;1.0;152292.0;377.0;503.0;101.6;508.0;85.0;0.0;132.8571428571445;70.0;9
2025.11.03 11:37;WIN$;100>161;PREVDAY;UP;1.0;152282.0;362.0;513.0;105.6;528.0;85.0;0.0;241.0714285714302;205.0;10
2025.11.03 16:19;WIN$;161>_200;PREVDAY;UP;1.0;152585.0;550.0;3010.0;-25.2;-126.0;85.0;0.0;355.00000000000165;415.0;12
2025.11.05 10:33;WIN$;74>_11;PREVDAY;UP;1.0;152690.0;405.0;1117.0;-82.2;-411.0;115.0;0.0;167.50000000000153;225.0;9
2025.11.06 12:37;WIN$;100>161;PREVDAY;UP;1.0;156112.0;337.0;2026.0;-67.4;-337.0;125.0;0.0;238.57142857143;240.0;10
2025.11.07 18:20;WIN$;61>161;PREVDAY;UP;1.0;156207.0;277.0;1052.0;-14.4;-72.0;155.0;0.0;183.21428571428729;175.0;18
2025.11.10 11:53;WIN$;61>161;GAP;UP;1.0;156851.0;231.0;1083.0;20.0;100.0;465.0;465.0;242.1428571428587;130.0;9
2025.11.10 12:36;WIN$;74>_11;GAP;UP;1.0;156885.0;300.0;956.0;-60.2;-301.0;465.0;465.0;372.1428571428587;135.0;12
2025.11.10 17:28;WIN$;100>161;GAP;UP;1.0;157295.0;230.0;639.0;-47.0;-235.0;465.0;465.0;218.92857142857298;165.0;14
2025.11.12 14:57;WIN$;74>_11;PREVDAY;UP;1.0;159905.0;285.0;2279.0;211.4;1057.0;260.0;0.0;229.64285714285873;240.0;9
2025.11.12 18:20;WIN$;61>161;PREVDAY;UP;1.0;159641.0;276.0;2611.0;6.8;34.0;260.0;0.0;203.21428571428729;220.0;17
2025.11.13 16:45;WIN$;61>161;PREVDAY;DOWN;1.0;159025.0;495.0;1379.0;19.8;99.0;130.0;0.0;362.1428571428587;400.0;13
2025.11.17 15:17;WIN$;61>161;PREVDAY;UP;1.0;159512.0;322.0;2129.0;-64.4;-322.0;260.0;0.0;356.4285714285731;215.0;12
2025.11.18 10:07;WIN$;61>161;GAP;DOWN;1.0;157620.0;650.0;865.0;19.8;99.0;455.0;455.0;281.785714285716;485.0;9
2025.11.18 10:54;WIN$;61>161;GAP;DOWN;1.0;158050.0;450.0;1295.0;-90.8;-454.0;455.0;455.0;403.2142857142874;280.0;10
2025.11.19 18:20;WIN$;61>161;PREVDAY;DOWN;1.0;157580.0;645.0;1467.0;184.8;924.0;165.0;0.0;204.28571428571598;570.0;9
2025.11.21 12:46;WIN$;61>161;GAP;DOWN;1.0;155554.0;931.0;1402.0;16.2;81.0;435.0;435.0;517.1428571428589;780.0;11
2025.11.24 10:17;WIN$;74>_11;PREVDAY;UP;1.0;156169.0;741.0;1340.0;-13.4;-67.0;120.0;0.0;201.07142857143026;580.0;9
2025.11.24 13:51;WIN$;100>161;PREVDAY;UP;1.0;156731.0;111.0;988.0;-23.2;-116.0;120.0;0.0;320.35714285714454;60.0;13
2025.11.25 09:53;WIN$;61>161;PREVDAY;UP;1.0;157061.0;611.0;1142.0;-125.2;-626.0;220.0;0.0;228.92857142857312;545.0;9
2025.11.25 10:44;WIN$;100>161;PREVDAY;UP;1.0;157552.0;602.0;651.0;-120.4;-602.0;220.0;0.0;351.42857142857315;390.0;10
2025.11.25 11:36;WIN$;74>_11;PREVDAY;UP;1.0;156916.0;894.0;1152.0;56.0;280.0;220.0;0.0;401.07142857143026;635.0;10
2025.11.25 12:55;WIN$;61>161;PREVDAY;UP;1.0;156877.0;242.0;1326.0;-48.4;-242.0;220.0;0.0;512.1428571428587;125.0;12
2025.11.26 09:39;WIN$;100>161;PREVDAY;UP;1.0;157876.0;386.0;950.0;-79.2;-396.0;165.0;0.0;185.7142857142872;230.0;9
2025.11.26 12:51;WIN$;161>_200;PREVDAY;UP;1.0;158811.0;114.0;6226.0;-17.0;-85.0;165.0;0.0;365.3571428571443;60.0;12
2025.11.27 13:14;WIN$;74>_11;PREVDAY;UP;1.0;159414.0;196.0;2321.0;-40.8;-204.0;290.0;0.0;207.14285714285862;95.0;12
2025.12.02 10:05;WIN$;61>161;GAP;UP;1.0;160115.0;175.0;829.0;-35.8;-179.0;300.0;300.0;157.85714285714425;85.0;9
2025.12.02 10:28;WIN$;74>_11;GAP;UP;1.0;160075.0;290.0;659.0;-58.2;-291.0;300.0;300.0;235.35714285714428;165.0;10
2025.12.02 13:40;WIN$;161>_200;GAP;UP;1.0;160784.0;511.0;3024.0;-37.0;-185.0;300.0;300.0;435.0000000000015;445.0;11
2025.12.03 10:59;WIN$;100>161;PREVDAY;UP;1.0;162501.0;191.0;1580.0;-42.2;-211.0;260.0;0.0;241.07142857142992;135.0;10
2025.12.04 10:15;WIN$;161>_200;PREVDAY;UP;1.0;163465.0;210.0;3355.0;-48.2;-241.0;235.0;0.0;228.5714285714299;80.0;10
2025.12.05 12:53;WIN$;100>161;PREVDAY;UP;1.0;165576.0;166.0;1693.0;-33.2;-166.0;235.0;0.0;270.71428571428703;80.0;12
2025.12.08 09:39;WIN$;74>_11;GAP;UP;1.0;159410.0;560.0;1630.0;-112.2;-561.0;985.0;985.0;777.5000000000014;495.0;9
2025.12.08 11:35;WIN$;61>161;GAP;UP;1.0;159502.0;402.0;1888.0;-80.4;-402.0;985.0;985.0;631.07142857143;320.0;11
2025.12.09 12:55;WIN$;161>_200;GAP;DOWN;1.0;158052.0;772.0;2778.0;15.6;78.0;60.0;60.0;636.0714285714301;680.0;12
2025.12.09 16:46;WIN$;61>161;GAP;DOWN;1.0;158214.0;461.0;749.0;-92.4;-462.0;60.0;60.0;616.7857142857158;400.0;13
2025.12.10 09:31;WIN$;61>161;GAP;UP;1.0;159666.0;416.0;2011.0;-86.8;-434.0;1040.0;1040.0;464.6428571428587;365.0;9
2025.12.10 18:20;WIN$;74>_11;GAP;UP;1.0;159619.0;621.0;1866.0;-17.4;-87.0;1040.0;1040.0;404.285714285716;435.0;17
2025.12.11 09:36;WIN$;100>161;GAP;DOWN;1.0;158140.0;330.0;1027.0;-66.2;-331.0;520.0;520.0;583.9285714285732;200.0;9
2025.12.11 10:47;WIN$;61>161;GAP;DOWN;1.0;158636.0;384.0;1523.0;-77.0;-385.0;520.0;520.0;571.428571428573;315.0;10
2025.12.12 13:55;WIN$;74>_11;PREVDAY;UP;1.0;159609.0;316.0;1821.0;-63.4;-317.0;220.0;0.0;482.1428571428589;100.0;13
2025.12.12 18:20;WIN$;100>161;PREVDAY;UP;1.0;160797.0;642.0;845.0;35.6;178.0;220.0;0.0;386.07142857143026;565.0;14
2025.12.15 09:59;WIN$;61>161;GAP;UP;1.0;162060.0;765.0;887.0;179.0;895.0;250.0;250.0;250.00000000000168;480.0;9
2025.12.15 11:33;WIN$;100>161;GAP;UP;1.0;162236.0;286.0;711.0;20.0;100.0;250.0;250.0;378.2142857142873;155.0;11
2025.12.15 15:55;WIN$;161>_200;GAP;UP;1.0;162899.0;256.0;4384.0;83.6;418.0;250.0;250.0;345.71428571428737;180.0;14
2025.12.16 10:11;WIN$;61>161;GAP;UP;1.0;164202.0;290.0;2211.0;-5.8;-29.0;598.0;598.0;445.92857142857315;71.0;10
2025.12.17 11:32;WIN$;100>161;PREVDAY;DOWN;1.0;160894.0;656.0;2539.0;16.0;80.0;527.0;0.0;519.2857142857158;510.0;9
2025.12.18 09:51;WIN$;61>161;PREVDAY;DOWN;1.0;160376.0;754.0;2051.0;19.8;99.0;350.0;0.0;307.5000000000017;280.0;9
2025.12.18 10:19;WIN$;61>161;PREVDAY;DOWN;1.0;160276.0;354.0;1951.0;-71.8;-359.0;350.0;0.0;355.35714285714454;195.0;9
2025.12.19 09:47;WIN$;74>_11;PREVDAY;UP;1.0;161286.0;374.0;1676.0;-35.2;-176.0;125.0;0.0;271.4285714285731;245.0;9
2025.12.19 12:45;WIN$;100>161;PREVDAY;UP;1.0;162041.0;741.0;1024.0;20.0;100.0;125.0;0.0;347.5000000000016;535.0;11
2025.12.26 11:33;WIN$;61>161;GAP;DOWN;1.0;162516.0;344.0;1139.0;-69.0;-345.0;225.0;225.0;250.35714285714423;170.0;9
2025.12.29 10:26;WIN$;74>_11;PREVDAY;UP;1.0;163600.0;340.0;1738.0;19.8;99.0;195.0;0.0;232.5000000000014;55.0;10
2025.12.29 12:08;WIN$;61>161;PREVDAY;UP;1.0;163357.0;387.0;2011.0;-84.4;-422.0;195.0;0.0;326.42857142857275;155.0;11
2026.01.02 10:15;WIN$;61>161;PREVDAY;UP;1.0;164311.0;401.0;1550.0;13.0;65.0;190.0;0.0;242.50000000000125;340.0;9
2026.01.02 13:30;WIN$;74>_11;PREVDAY;UP;1.0;164260.0;355.0;1394.0;278.6;1393.0;190.0;0.0;320.3571428571442;180.0;10
2026.01.05 10:07;WIN$;61>161;GAP;UP;1.0;163316.0;571.0;789.0;-116.2;-581.0;100.0;100.0;266.07142857142986;375.0;9
2026.01.05 12:17;WIN$;74>_11;GAP;UP;1.0;163206.0;444.0;716.0;-25.0;-125.0;100.0;100.0;438.5714285714299;245.0;11
2026.01.05 13:41;WIN$;61>161;GAP;UP;1.0;163331.0;591.0;774.0;155.6;778.0;100.0;100.0;485.3571428571442;335.0;12
2026.01.05 14:39;WIN$;161>_200;GAP;UP;1.0;164095.0;200.0;3355.0;-43.8;-219.0;100.0;100.0;336.4285714285728;75.0;14
2026.01.06 09:49;WIN$;100>161;GAP;UP;1.0;165246.0;211.0;400.0;80.8;404.0;105.0;105.0;202.50000000000136;150.0;9
2026.01.07 11:38;WIN$;74>_11;PREVDAY;UP;1.0;165904.0;406.0;1630.0;328.6;1643.0;120.0;0.0;213.92857142857292;345.0;9
2026.01.08 17:49;WIN$;61>161;PREVDAY;DOWN;1.0;164780.0;180.0;2160.0;-36.2;-181.0;120.0;0.0;179.64285714285876;110.0;17
2026.01.09 10:30;WIN$;61>161;PREVDAY;UP;1.0;164955.0;475.0;950.0;9.4;47.0;110.0;0.0;241.42857142857306;405.0;10
2026.01.09 10:38;WIN$;100>161;PREVDAY;UP;1.0;165003.0;308.0;902.0;184.4;922.0;110.0;0.0;315.5714285714302;470.0;10
2026.01.09 11:34;WIN$;161>_200;PREVDAY;UP;1.0;165860.0;375.0;4785.0;-17.2;-86.0;110.0;0.0;375.71428571428737;145.0;11
2026.01.13 10:30;WIN$;61>161;PREVDAY;DOWN;1.0;164611.0;519.0;1262.0;18.0;90.0;180.0;0.0;190.71428571428734;440.0;9
2026.01.13 14:53;WIN$;100>161;PREVDAY;DOWN;1.0;164250.0;250.0;901.0;19.8;99.0;180.0;0.0;437.85714285714454;105.0;12
2026.01.14 10:01;WIN$;100>161;GAP;UP;1.0;164660.0;295.0;412.0;83.0;415.0;110.0;110.0;199.64285714285882;175.0;9
2026.01.14 11:21;WIN$;161>_200;GAP;UP;1.0;165014.0;481.0;2999.0;19.8;99.0;110.0;110.0;294.64285714285876;395.0;11
2026.01.15 11:33;WIN$;100>161;PREVDAY;UP;1.0;167401.0;646.0;2071.0;-134.2;-671.0;145.0;0.0;242.5000000000016;400.0;9
2026.01.16 10:09;WIN$;61>161;PREVDAY;UP;1.0;167946.0;581.0;944.0;-116.2;-581.0;150.0;0.0;192.1428571428588;525.0;9
2026.01.16 11:19;WIN$;74>_11;PREVDAY;UP;1.0;167366.0;399.0;906.0;184.8;924.0;150.0;0.0;223.5714285714302;95.0;10
2026.01.20 10:22;WIN$;61>161;GAP;DOWN;1.0;165239.0;921.0;1002.0;-184.4;-922.0;330.0;330.0;203.57142857143018;565.0;9
2026.01.22 10:06;WIN$;100>161;PREVDAY;UP;1.0;174197.0;897.0;3573.0;20.0;100.0;215.0;0.0;406.42857142857315;415.0;9
2026.01.22 16:28;WIN$;161>_200;PREVDAY;UP;1.0;177690.0;280.0;22225.0;19.8;99.0;215.0;0.0;696.4285714285732;205.0;15
2026.01.23 11:28;WIN$;74>_11;PREVDAY;UP;1.0;177945.0;620.0;5345.0;19.8;99.0;220.0;0.0;537.8571428571444;510.0;9
2026.01.23 18:20;WIN$;100>161;PREVDAY;UP;1.0;179915.0;460.0;3725.0;140.2;701.0;220.0;0.0;328.5714285714301;390.0;16
2026.01.27 11:11;WIN$;100>161;GAP;UP;1.0;182776.0;921.0;974.0;194.8;974.0;1250.0;1250.0;614.6428571428585;855.0;9
2026.01.27 15:18;WIN$;161>_200;GAP;UP;1.0;183515.0;725.0;8720.0;-33.2;-166.0;1250.0;1250.0;405.0000000000012;585.0;15
2026.01.28 10:22;WIN$;74>_11;GAP;UP;1.0;184001.0;609.0;1481.0;-128.8;-644.0;380.0;380.0;472.50000000000125;380.0;9
2026.01.28 13:03;WIN$;161>_200;GAP;UP;1.0;185480.0;765.0;6395.0;17.8;89.0;380.0;380.0;750.7142857142867;470.0;12
2026.01.28 17:40;WIN$;100>161;GAP;UP;1.0;184640.0;310.0;1048.0;209.6;1048.0;380.0;380.0;491.0714285714298;220.0;17
2026.01.29 09:29;WIN$;61>161;GAP;UP;1.0;188186.0;796.0;2312.0;-160.8;-804.0;1140.0;1140.0;705.7142857142871;485.0;9
2026.01.30 15:20;WIN$;61>161;GAP;DOWN;1.0;182809.0;711.0;992.0;214.6;1073.0;490.0;490.0;516.0714285714296;620.0;14
2026.01.30 16:30;WIN$;161>_200;GAP;DOWN;1.0;182430.0;1035.0;5085.0;15.0;75.0;490.0;490.0;588.2142857142868;950.0;16
2026.01.30 18:20;WIN$;161>_200;GAP;DOWN;1.0;181937.0;412.0;5578.0;94.6;473.0;490.0;490.0;611.7857142857154;285.0;17
2026.02.03 09:26;WIN$;61>161;GAP;UP;1.0;185219.0;779.0;1041.0;17.2;86.0;610.0;610.0;392.14285714285836;715.0;9
2026.02.03 10:11;WIN$;100>161;GAP;UP;1.0;185667.0;497.0;593.0;120.6;603.0;610.0;610.0;472.50000000000125;405.0;9
2026.02.03 15:57;WIN$;161>_200;GAP;UP;1.0;185935.0;650.0;5500.0;-20.2;-101.0;610.0;610.0;475.714285714287;495.0;14
2026.02.05 12:40;WIN$;61>161;PREVDAY;DOWN;1.0;182961.0;1239.0;6043.0;19.8;99.0;265.0;0.0;741.0714285714301;900.0;12
2026.02.05 13:22;WIN$;61>161;PREVDAY;DOWN;1.0;183219.0;561.0;6301.0;-112.4;-562.0;265.0;0.0;761.428571428573;265.0;13
2026.02.09 09:39;WIN$;61>161;GAP;UP;1.0;184202.0;457.0;883.0;176.6;883.0;285.0;285.0;413.2142857142869;380.0;9
2026.02.09 11:39;WIN$;74>_11;GAP;UP;1.0;183937.0;563.0;917.0;-112.8;-564.0;285.0;285.0;520.7142857142868;365.0;10
2026.02.09 13:51;WIN$;100>161;GAP;UP;1.0;184380.0;440.0;705.0;141.0;705.0;285.0;285.0;416.07142857142946;255.0;13
2026.02.10 11:17;WIN$;74>_11;PREVDAY;UP;1.0;185851.0;579.0;2682.0;-118.6;-593.0;160.0;0.0;401.0714285714294;410.0;10
2026.02.10 13:49;WIN$;100>161;PREVDAY;UP;1.0;187257.0;757.0;1954.0;-152.4;-762.0;160.0;0.0;510.00000000000085;600.0;12
2026.02.10 16:34;WIN$;74>_11;PREVDAY;UP;1.0;185920.0;450.0;2751.0;-24.6;-123.0;160.0;0.0;318.9285714285722;335.0;15
2026.02.11 10:00;WIN$;61>161;GAP;UP;1.0;188091.0;1221.0;1784.0;19.8;99.0;490.0;490.0;421.4285714285722;1090.0;9
2026.02.11 12:19;WIN$;100>161;GAP;UP;1.0;188538.0;783.0;1337.0;20.0;100.0;490.0;490.0;543.2142857142866;585.0;10
2026.02.11 16:05;WIN$;161>_200;GAP;UP;1.0;189829.0;296.0;7914.0;-59.4;-297.0;490.0;490.0;436.785714285715;225.0;15
2026.02.12 10:05;WIN$;74>_11;PREVDAY;UP;1.0;189515.0;1760.0;3071.0;19.8;99.0;335.0;0.0;443.9285714285722;1225.0;9
2026.02.12 10:55;WIN$;61>161;PREVDAY;UP;1.0;189442.0;437.0;4007.0;-88.4;-442.0;335.0;0.0;473.2142857142865;305.0;10
2026.02.12 15:51;WIN$;74>_11;PREVDAY;UP;1.0;189785.0;550.0;3341.0;375.8;1879.0;335.0;0.0;542.1428571428581;320.0;12
2026.02.13 15:19;WIN$;61>161;GAP;UP;1.0;189962.0;296.0;3480.0;-59.2;-296.0;1401.0;1401.0;630.9285714285725;35.0;15
2026.02.19 10:38;WIN$;61>161;PREVDAY;DOWN;1.0;189831.0;819.0;2852.0;-167.0;-835.0;195.0;0.0;482.14285714285825;750.0;10
2026.02.20 12:24;WIN$;61>161;PREVDAY;UP;1.0;191906.0;551.0;2460.0;20.0;100.0;210.0;0.0;499.28571428571513;500.0;12
2026.02.20 17:15;WIN$;61>161;PREVDAY;UP;1.0;191865.0;510.0;2501.0;503.0;2515.0;210.0;0.0;476.0714285714294;450.0;14
2026.02.23 11:31;WIN$;74>_11;PREVDAY;UP;1.0;192925.0;555.0;3154.0;-91.2;-456.0;485.0;0.0;412.14285714285796;465.0;9
2026.02.23 12:05;WIN$;100>161;PREVDAY;UP;1.0;194441.0;521.0;2518.0;-106.2;-531.0;485.0;0.0;555.0000000000008;405.0;12
2026.02.23 14:53;WIN$;74>_11;PREVDAY;UP;1.0;193325.0;400.0;3554.0;141.2;706.0;485.0;0.0;596.4285714285721;160.0;12
2026.02.23 15:45;WIN$;61>161;PREVDAY;UP;1.0;192891.0;216.0;4068.0;-45.2;-226.0;485.0;0.0;371.0714285714294;75.0;15
2026.02.25 10:06;WIN$;61>161;GAP;UP;1.0;196991.0;1206.0;2490.0;-242.2;-1211.0;690.0;690.0;462.8571428571435;490.0;9
2026.02.26 12:58;WIN$;100>161;PREVDAY;DOWN;1.0;193465.0;855.0;2323.0;19.8;99.0;155.0;0.0;503.57142857142935;745.0;11
2026.02.26 16:12;WIN$;100>161;PREVDAY;DOWN;1.0;193534.0;546.0;2392.0;-111.4;-557.0;155.0;0.0;507.50000000000074;395.0;13
2026.03.02 10:23;WIN$;61>161;GAP;DOWN;1.0;190090.0;865.0;1470.0;-180.8;-904.0;485.0;485.0;510.35714285714374;815.0;9
2026.03.02 11:37;WIN$;100>161;GAP;DOWN;1.0;189741.0;1034.0;1121.0;-207.0;-1035.0;485.0;485.0;642.142857142858;940.0;11
2026.03.03 11:44;WIN$;100>161;GAP;DOWN;1.0;186205.0;1310.0;2761.0;561.8;2809.0;3415.0;3415.0;887.142857142858;1060.0;10
2026.03.03 12:04;WIN$;161>_200;GAP;DOWN;1.0;183810.0;465.0;19660.0;-98.4;-492.0;3415.0;3415.0;1108.2142857142867;385.0;12
2026.03.03 16:40;WIN$;100>161;GAP;DOWN;1.0;186589.0;851.0;3145.0;15.2;76.0;3415.0;3415.0;658.5714285714298;500.0;16
2026.03.04 11:14;WIN$;61>161;GAP;UP;1.0;187662.0;1777.0;2045.0;20.0;100.0;650.0;650.0;885.0000000000013;1665.0;9
2026.03.04 13:22;WIN$;61>161;GAP;UP;1.0;187271.0;746.0;2436.0;-154.8;-774.0;650.0;650.0;695.357142857144;675.0;12
2026.03.04 17:59;WIN$;100>161;GAP;UP;1.0;187957.0;492.0;1750.0;20.0;100.0;650.0;650.0;422.8571428571441;390.0;15
2026.03.05 09:20;WIN$;61>161;GAP;DOWN;1.0;186776.0;559.0;1336.0;-112.0;-560.0;160.0;160.0;476.0714285714298;225.0;9
2026.03.06 11:12;WIN$;61>161;GAP;DOWN;1.0;181760.0;1335.0;2044.0;14.8;74.0;705.0;705.0;812.5000000000009;1270.0;11
2026.03.06 12:00;WIN$;61>161;GAP;DOWN;1.0;181636.0;554.0;1920.0;19.8;99.0;705.0;705.0;842.5000000000009;365.0;11
2026.03.06 15:13;WIN$;61>161;GAP;DOWN;1.0;181765.0;565.0;2049.0;-113.2;-566.0;705.0;705.0;651.7857142857151;400.0;14
2026.03.09 10:01;WIN$;61>161;GAP;DOWN;1.0;180848.0;347.0;1762.0;-69.6;-348.0;425.0;425.0;590.0000000000011;235.0;9
2026.03.10 10:15;WIN$;100>161;PREVDAY;UP;1.0;184581.0;1061.0;2756.0;-212.2;-1061.0;350.0;0.0;672.8571428571438;820.0;9
2026.03.10 11:21;WIN$;74>_11;PREVDAY;UP;1.0;182970.0;840.0;3532.0;-170.2;-851.0;350.0;0.0;623.9285714285722;715.0;11
2026.03.10 14:11;WIN$;100>161;PREVDAY;UP;1.0;185451.0;1271.0;1886.0;380.8;1904.0;350.0;0.0;779.2857142857151;1170.0;11
2026.03.10 17:33;WIN$;161>_200;PREVDAY;UP;1.0;187069.0;781.0;16194.0;165.0;825.0;350.0;0.0;606.785714285715;690.0;14
2026.03.11 12:18;WIN$;61>161;PREVDAY;UP;1.0;186135.0;1150.0;4736.0;18.0;90.0;245.0;0.0;599.2857142857151;1040.0;10
2026.03.11 13:34;WIN$;74>_11;PREVDAY;UP;1.0;186235.0;540.0;3879.0;98.0;490.0;245.0;0.0;790.0000000000007;485.0;12
2026.03.11 18:05;WIN$;61>161;PREVDAY;UP;1.0;186076.0;311.0;4795.0;-67.8;-339.0;245.0;0.0;455.71428571428646;140.0;16
2026.03.12 10:42;WIN$;100>161;GAP;DOWN;1.0;183320.0;265.0;1557.0;314.2;1571.0;455.0;455.0;599.6428571428578;175.0;10
2026.03.12 11:19;WIN$;161>_200;GAP;DOWN;1.0;181936.0;356.0;9379.0;-73.2;-366.0;455.0;455.0;779.285714285715;190.0;11
2026.03.13 09:30;WIN$;74>_11;GAP;UP;1.0;181945.0;570.0;1185.0;-121.2;-606.0;285.0;285.0;413.5714285714293;275.0;9
2026.03.13 10:31;WIN$;100>161;GAP;UP;1.0;182540.0;865.0;867.0;11.6;58.0;285.0;285.0;527.5000000000007;640.0;10
2026.03.16 10:00;WIN$;100>161;GAP;UP;1.0;182852.0;572.0;1622.0;-121.4;-607.0;1365.0;1365.0;580.7142857142865;445.0;9
2026.03.16 14:22;WIN$;74>_11;GAP;UP;1.0;181659.0;566.0;2575.0;-119.4;-597.0;1365.0;1365.0;501.0714285714293;475.0;13
2026.03.16 16:41;WIN$;100>161;GAP;UP;1.0;182735.0;455.0;1739.0;-91.0;-455.0;1365.0;1365.0;408.9285714285722;400.0;15
2026.03.17 10:57;WIN$;61>161;PREVDAY;UP;1.0;182595.0;1840.0;1995.0;403.0;2015.0;165.0;0.0;436.0714285714293;650.0;9
2026.03.17 15:27;WIN$;61>161;PREVDAY;UP;1.0;182647.0;402.0;1943.0;7.6;38.0;165.0;0.0;698.2142857142865;145.0;13
2026.03.17 15:54;WIN$;74>_11;PREVDAY;UP;1.0;182741.0;809.0;1718.0;18.2;91.0;165.0;0.0;496.0714285714292;740.0;15
2026.03.19 09:31;WIN$;61>161;GAP;DOWN;1.0;179530.0;680.0;2031.0;409.8;2049.0;255.0;255.0;623.5714285714292;485.0;9
2026.03.19 11:34;WIN$;61>161;GAP;DOWN;1.0;179576.0;759.0;2077.0;-160.0;-800.0;255.0;255.0;953.2142857142866;595.0;11
2026.03.20 10:56;WIN$;61>161;GAP;DOWN;1.0;180684.0;506.0;1906.0;381.0;1905.0;770.0;770.0;572.8571428571437;210.0;10
2026.03.20 12:26;WIN$;161>_200;GAP;DOWN;1.0;178890.0;490.0;7305.0;-98.0;-490.0;770.0;770.0;829.2857142857151;445.0;12
2026.03.24 10:09;WIN$;61>161;GAP;DOWN;1.0;182981.0;769.0;1043.0;208.4;1042.0;150.0;150.0;553.571428571429;515.0;9
2026.03.24 12:56;WIN$;161>_200;GAP;DOWN;1.0;182310.0;925.0;4820.0;196.0;980.0;150.0;150.0;668.2142857142862;785.0;11
2026.03.24 15:00;WIN$;61>161;GAP;DOWN;1.0;183276.0;489.0;1338.0;19.8;99.0;150.0;150.0;702.1428571428577;355.0;13
2026.03.25 11:00;WIN$;61>161;GAP;UP;1.0;186810.0;845.0;1832.0;-178.0;-890.0;70.0;70.0;937.8571428571432;725.0;10
2026.03.25 15:09;WIN$;74>_11;GAP;UP;1.0;186919.0;401.0;1471.0;-80.4;-402.0;70.0;70.0;540.3571428571432;340.0;15
2026.03.25 18:20;WIN$;61>161;GAP;UP;1.0;186856.0;461.0;1786.0;-15.2;-76.0;70.0;70.0;459.6428571428575;335.0;17
2026.03.26 17:11;WIN$;61>161;GAP;DOWN;1.0;185079.0;1291.0;2848.0;19.8;99.0;1305.0;1305.0;747.1428571428576;710.0;11
2026.03.27 18:20;WIN$;61>161;GAP;DOWN;1.0;183000.0;505.0;1410.0;178.8;894.0;285.0;285.0;507.8571428571432;410.0;14
2026.03.30 16:51;WIN$;61>161;PREVDAY;DOWN;1.0;182944.0;601.0;2566.0;-120.4;-602.0;265.0;0.0;418.2142857142862;315.0;16
2026.03.31 10:38;WIN$;61>161;GAP;UP;1.0;185791.0;1181.0;2407.0;15.8;79.0;1180.0;1180.0;535.0000000000005;890.0;9
2026.03.31 12:02;WIN$;74>_11;GAP;UP;1.0;185398.0;647.0;2546.0;-129.6;-648.0;1180.0;1180.0;932.1428571428576;385.0;12
2026.03.31 13:41;WIN$;100>161;GAP;UP;1.0;186355.0;1010.0;1843.0;368.6;1843.0;1180.0;1180.0;986.7857142857147;960.0;12
2026.03.31 15:16;WIN$;161>_200;GAP;UP;1.0;187771.0;739.0;10716.0;-155.0;-775.0;1180.0;1180.0;768.5714285714289;515.0;14
2026.04.01 12:24;WIN$;100>161;PREVDAY;UP;1.0;189290.0;820.0;2602.0;19.6;98.0;520.0;0.0;741.071428571429;640.0;12
2026.04.01 14:56;WIN$;100>161;PREVDAY;UP;1.0;189421.0;491.0;2471.0;17.8;89.0;520.0;0.0;681.4285714285719;330.0;12
2026.04.01 16:47;WIN$;100>161;PREVDAY;UP;1.0;189151.0;151.0;2741.0;-30.2;-151.0;520.0;0.0;422.14285714285774;65.0;16
2026.04.06 10:15;WIN$;61>161;GAP;UP;1.0;189375.0;555.0;1423.0;-111.0;-555.0;210.0;210.0;357.1428571428578;175.0;9
2026.04.06 11:30;WIN$;74>_11;GAP;UP;1.0;189396.0;554.0;1107.0;18.0;90.0;210.0;210.0;571.7857142857148;180.0;11
2026.04.06 12:02;WIN$;61>161;GAP;UP;1.0;189371.0;511.0;1427.0;-102.2;-511.0;210.0;210.0;663.928571428572;120.0;11
2026.04.07 11:50;WIN$;161>_200;PREVDAY;DOWN;1.0;187567.0;987.0;5703.0;18.2;91.0;195.0;0.0;600.0000000000007;815.0;11
2026.04.07 13:08;WIN$;161>_200;PREVDAY;DOWN;1.0;187461.0;341.0;5809.0;18.4;92.0;195.0;0.0;667.5000000000007;270.0;12
2026.04.07 15:40;WIN$;161>_200;PREVDAY;DOWN;1.0;187554.0;344.0;5716.0;17.2;86.0;195.0;0.0;675.3571428571436;265.0;13
2026.04.07 17:41;WIN$;61>161;PREVDAY;DOWN;1.0;188974.0;336.0;1638.0;-70.4;-352.0;195.0;0.0;486.428571428572;150.0;17
2026.04.08 10:11;WIN$;100>161;GAP;UP;1.0;194795.0;425.0;3380.0;5.0;25.0;3950.0;3950.0;901.7857142857148;305.0;10
2026.04.08 13:04;WIN$;61>161;GAP;UP;1.0;192701.0;261.0;5474.0;-52.2;-261.0;3950.0;3950.0;707.5000000000005;190.0;13
2026.04.10 10:14;WIN$;100>161;PREVDAY;UP;1.0;196326.0;421.0;2339.0;16.4;82.0;295.0;0.0;342.5000000000003;340.0;10
2026.04.13 13:35;WIN$;61>161;GAP;DOWN;1.0;196750.0;705.0;1867.0;-148.8;-744.0;855.0;855.0;521.0714285714292;610.0;10
2026.04.14 12:09;WIN$;100>161;GAP;UP;1.0;203461.0;740.0;3419.0;-150.2;-751.0;4289.0;4289.0;750.7142857142863;353.0;10
2026.04.15 13:40;WIN$;61>161;PREVDAY;DOWN;1.0;202560.0;985.0;1148.0;229.4;1147.0;266.0;0.0;458.2857142857149;670.0;10
2026.04.15 14:47;WIN$;161>_200;PREVDAY;DOWN;1.0;201451.0;241.0;5374.0;-20.2;-101.0;266.0;0.0;337.5000000000006;75.0;14
2026.04.17 10:53;WIN$;161>_200;GAP;UP;1.0;201976.0;924.0;3301.0;19.8;99.0;220.0;220.0;449.2857142857148;835.0;10
2026.04.17 11:14;WIN$;100>161;GAP;UP;1.0;201746.0;526.0;601.0;-105.2;-526.0;220.0;220.0;512.1428571428577;185.0;11
2026.04.23 11:16;WIN$;100>161;PREVDAY;DOWN;1.0;196109.0;196.0;2795.0;-43.4;-217.0;265.0;0.0;433.92857142857173;45.0;11
2026.04.24 09:47;WIN$;74>_11;GAP;UP;1.0;195139.0;341.0;726.0;145.0;725.0;95.0;95.0;315.0000000000003;190.0;9
2026.04.27 18:20;WIN$;61>161;PREVDAY;DOWN;1.0;194076.0;414.0;1882.0;275.0;1375.0;245.0;0.0;456.42857142857156;345.0;11
2026.04.28 10:39;WIN$;61>161;GAP;DOWN;1.0;191495.0;750.0;1116.0;19.8;99.0;405.0;405.0;272.14285714285734;580.0;9
2026.04.28 11:59;WIN$;100>161;GAP;DOWN;1.0;191144.0;696.0;765.0;19.8;99.0;405.0;405.0;526.7857142857143;570.0;11
2026.04.28 18:20;WIN$;61>161;GAP;DOWN;1.0;191794.0;436.0;1415.0;13.4;67.0;405.0;405.0;284.28571428571433;275.0;15
2026.04.29 11:00;WIN$;61>161;PREVDAY;DOWN;1.0;191075.0;670.0;1613.0;322.4;1612.0;245.0;0.0;224.6428571428572;600.0;9
2026.04.29 12:36;WIN$;161>_200;PREVDAY;DOWN;1.0;189475.0;150.0;6355.0;-30.0;-150.0;245.0;0.0;384.64285714285717;30.0;12
2026.04.30 14:31;WIN$;100>161;GAP;UP;1.0;189101.0;341.0;1356.0;273.8;1369.0;1225.0;1225.0;451.42857142857144;195.0;10
2026.04.30 18:20;WIN$;161>_200;GAP;UP;1.0;190440.0;390.0;8015.0;77.8;389.0;1225.0;1225.0;201.42857142857142;285.0;17
